	id	category
0	pub.1124079136	Medicinal and Biomolecular Chemistry
1	pub.1124079136	Biochemistry and Cell Biology
2	pub.1124079136	Chemical Sciences
3	pub.1124079136	Biological Sciences
4	pub.1124214819	Microbiology
5	pub.1124214819	Biological Sciences
6	pub.1124462509	Biochemistry and Cell Biology
7	pub.1124462509	Biological Sciences
8	pub.1125332949	Veterinary Sciences
9	pub.1125332949	Agricultural and Veterinary Sciences
10	pub.1125332949	Good Health and Well Being
11	pub.1125408257	Biochemistry and Cell Biology
12	pub.1125408257	Medical Microbiology
13	pub.1125408257	Biological Sciences
14	pub.1125408257	Medical and Health Sciences
15	pub.1125488589	Immunology
16	pub.1125488589	Medical Microbiology
17	pub.1125488589	Medical and Health Sciences
18	pub.1125855652	Cardiorespiratory Medicine and Haematology
19	pub.1125855652	Clinical Sciences
20	pub.1125855652	Medical and Health Sciences
21	pub.1125855652	Good Health and Well Being
22	pub.1125904816	Clinical Sciences
23	pub.1125904816	Medical and Health Sciences
24	pub.1125947072	Clinical Sciences
25	pub.1125947072	Medical and Health Sciences
26	pub.1125956690	Biochemistry and Cell Biology
27	pub.1125956690	Biological Sciences
28	pub.1125979993	Medical and Health Sciences
29	pub.1126005102	Clinical Sciences
30	pub.1126005102	Public Health and Health Services
31	pub.1126005102	Medical and Health Sciences
32	pub.1126024433	Clinical Sciences
33	pub.1126024433	Medical and Health Sciences
34	pub.1126172864	Public Health and Health Services
35	pub.1126172864	Medical and Health Sciences
36	pub.1126664345	Clinical Sciences
37	pub.1126664345	Human Movement and Sports Science
38	pub.1126664345	Neurosciences
39	pub.1126664345	Medical and Health Sciences
40	pub.1126693969	Medical and Health Sciences
41	pub.1126701081	Clinical Sciences
42	pub.1126701081	Immunology
43	pub.1126701081	Public Health and Health Services
44	pub.1126701081	Medical and Health Sciences
45	pub.1126768313	Applied Economics
46	pub.1126768313	Economics
47	pub.1126843214	Microbiology
48	pub.1126843214	Medical Microbiology
49	pub.1126843214	Pharmacology and Pharmaceutical Sciences
50	pub.1126843214	Biological Sciences
51	pub.1126843214	Medical and Health Sciences
52	pub.1126886855	Medical Microbiology
53	pub.1126886855	Medical and Health Sciences
54	pub.1126923209	Medical and Health Sciences
55	pub.1127167480	Clinical Sciences
56	pub.1127167480	Medical and Health Sciences
57	pub.1127173148	Genetics
58	pub.1127173148	Biological Sciences
59	pub.1127181753	Medical and Health Sciences
60	pub.1127239016	Public Health and Health Services
61	pub.1127239016	Medical and Health Sciences
62	pub.1127241353	Public Health and Health Services
63	pub.1127241353	Medical and Health Sciences
64	pub.1127244380	Public Health and Health Services
65	pub.1127244380	Medical and Health Sciences
66	pub.1127244380	Good Health and Well Being
67	pub.1127259675	Biochemistry and Cell Biology
68	pub.1127259675	Medical Microbiology
69	pub.1127259675	Biological Sciences
70	pub.1127259675	Medical and Health Sciences
71	pub.1127376888	Biochemistry and Cell Biology
72	pub.1127376888	Biological Sciences
73	pub.1127378322	Organic Chemistry
74	pub.1127378322	Chemical Sciences
75	pub.1127413820	Medical and Health Sciences
76	pub.1127418584	Medical and Health Sciences
77	pub.1127429502	Medical Microbiology
78	pub.1127429502	Medical and Health Sciences
79	pub.1127536832	Public Health and Health Services
80	pub.1127536832	Medical and Health Sciences
81	pub.1127536832	Good Health and Well Being
82	pub.1127575474	Medical and Health Sciences
83	pub.1127578315	Medical Biotechnology
84	pub.1127578315	Technology
85	pub.1127594600	Medical Microbiology
86	pub.1127594600	Medical and Health Sciences
87	pub.1127626783	Public Health and Health Services
88	pub.1127626783	Medical and Health Sciences
89	pub.1127634639	Oncology and Carcinogenesis
90	pub.1127634639	Public Health and Health Services
91	pub.1127634639	Medical and Health Sciences
92	pub.1127764022	Biochemistry and Cell Biology
93	pub.1127764022	Biological Sciences
94	pub.1127764645	Clinical Sciences
95	pub.1127764645	Medical and Health Sciences
96	pub.1127769033	Cardiorespiratory Medicine and Haematology
97	pub.1127769033	Medical and Health Sciences
98	pub.1127813540	Genetics
99	pub.1127813540	Biological Sciences
100	pub.1127864358	Clinical Sciences
101	pub.1127864358	Public Health and Health Services
102	pub.1127864358	Medical and Health Sciences
103	pub.1127950021	Medical Microbiology
104	pub.1127950021	Medical and Health Sciences
105	pub.1128016388	Biochemistry and Cell Biology
106	pub.1128016388	Microbiology
107	pub.1128016388	Plant Biology
108	pub.1128016388	Biological Sciences
109	pub.1128056758	Business and Management
110	pub.1128056758	Commerce, Management, Tourism and Services
111	pub.1128139864	Chemical Sciences
112	pub.1128226593	Clinical Sciences
113	pub.1128226593	Human Movement and Sports Science
114	pub.1128226593	Neurosciences
115	pub.1128226593	Medical and Health Sciences
116	pub.1128251549	Neurosciences
117	pub.1128251549	Medical and Health Sciences
118	pub.1128252328	Clinical Sciences
119	pub.1128252328	Public Health and Health Services
120	pub.1128252328	Medical and Health Sciences
121	pub.1128301421	Clinical Sciences
122	pub.1128301421	Medical and Health Sciences
123	pub.1128310447	Medical Microbiology
124	pub.1128310447	Medical and Health Sciences
125	pub.1128446122	Clinical Sciences
126	pub.1128446122	Medical and Health Sciences
127	pub.1128521242	Medicinal and Biomolecular Chemistry
128	pub.1128521242	Biochemistry and Cell Biology
129	pub.1128521242	Chemical Sciences
130	pub.1128521242	Biological Sciences
131	pub.1128590086	Public Health and Health Services
132	pub.1128590086	Medical and Health Sciences
133	pub.1128590086	Good Health and Well Being
134	pub.1128639227	Biochemistry and Cell Biology
135	pub.1128639227	Biological Sciences
136	pub.1128664332	Human Geography
137	pub.1128664332	Studies in Human Society
138	pub.1128698918	Urban and Regional Planning
139	pub.1128698918	Human Geography
140	pub.1128698918	Policy and Administration
141	pub.1128698918	Built Environment and Design
142	pub.1128698918	Studies in Human Society
143	pub.1128714618	Other Physical Sciences
144	pub.1128714618	Artificial Intelligence and Image Processing
145	pub.1128714618	Physical Sciences
146	pub.1128714618	Information and Computing Sciences
147	pub.1128780897	Applied Economics
148	pub.1128780897	Economics
149	pub.1128797017	Clinical Sciences
150	pub.1128797017	Public Health and Health Services
151	pub.1128797017	Other Medical and Health Sciences
152	pub.1128797017	Medical and Health Sciences
153	pub.1128824876	Applied Mathematics
154	pub.1128824876	Mathematical Sciences
155	pub.1128827880	Clinical Sciences
156	pub.1128827880	Oncology and Carcinogenesis
157	pub.1128827880	Medical and Health Sciences
158	pub.1128871982	Public Health and Health Services
159	pub.1128871982	Medical and Health Sciences
160	pub.1128885114	Public Health and Health Services
161	pub.1128885114	Medical and Health Sciences
162	pub.1128941200	Statistics
163	pub.1128941200	Mathematical Sciences
164	pub.1128948855	Public Health and Health Services
165	pub.1128948855	Medical and Health Sciences
166	pub.1128948868	Clinical Sciences
167	pub.1128948868	Immunology
168	pub.1128948868	Public Health and Health Services
169	pub.1128948868	Medical and Health Sciences
170	pub.1128970798	Clinical Sciences
171	pub.1128970798	Medical and Health Sciences
172	pub.1128970798	Good Health and Well Being
173	pub.1128974858	Clinical Sciences
174	pub.1128974858	Neurosciences
175	pub.1128974858	Medical and Health Sciences
176	pub.1128979707	Clinical Sciences
177	pub.1128979707	Medical and Health Sciences
178	pub.1129058378	Clinical Sciences
179	pub.1129058378	Public Health and Health Services
180	pub.1129058378	Medical and Health Sciences
181	pub.1129098340	Clinical Sciences
182	pub.1129098340	Neurosciences
183	pub.1129098340	Ophthalmology and Optometry
184	pub.1129098340	Medical and Health Sciences
185	pub.1129135257	Clinical Sciences
186	pub.1129135257	Neurosciences
187	pub.1129135257	Ophthalmology and Optometry
188	pub.1129135257	Medical and Health Sciences
189	pub.1129330280	Clinical Sciences
190	pub.1129330280	Neurosciences
191	pub.1129330280	Medical and Health Sciences
192	pub.1129362640	Clinical Sciences
193	pub.1129362640	Medical and Health Sciences
194	pub.1129381955	Medical Microbiology
195	pub.1129381955	Medical and Health Sciences
196	pub.1129386398	Clinical Sciences
197	pub.1129386398	Immunology
198	pub.1129386398	Public Health and Health Services
199	pub.1129386398	Medical and Health Sciences
200	pub.1129392550	Immunology
201	pub.1129392550	Medical and Health Sciences
202	pub.1129392550	Good Health and Well Being
203	pub.1129411242	Clinical Sciences
204	pub.1129411242	Medical and Health Sciences
205	pub.1129480028	Medical Microbiology
206	pub.1129480028	Medical and Health Sciences
207	pub.1129480028	Good Health and Well Being
208	pub.1129486798	Biomedical Engineering
209	pub.1129486798	Clinical Sciences
210	pub.1129486798	Engineering
211	pub.1129486798	Medical and Health Sciences
212	pub.1129507005	Medical Microbiology
213	pub.1129507005	Medical and Health Sciences
214	pub.1129507005	Good Health and Well Being
215	pub.1129535099	Medical Microbiology
216	pub.1129535099	Medical and Health Sciences
217	pub.1129540973	Neurosciences
218	pub.1129540973	Medical and Health Sciences
219	pub.1129565167	Statistics
220	pub.1129565167	Mathematical Sciences
221	pub.1129567644	Public Health and Health Services
222	pub.1129567644	Medical and Health Sciences
223	pub.1129571738	Immunology
224	pub.1129571738	Medical Microbiology
225	pub.1129571738	Medical and Health Sciences
226	pub.1129579425	Immunology
227	pub.1129579425	Medical and Health Sciences
228	pub.1129579425	Good Health and Well Being
229	pub.1129584790	Religion and Religious Studies
230	pub.1129584790	Philosophy and Religious Studies
231	pub.1129664214	Clinical Sciences
232	pub.1129664214	Immunology
233	pub.1129664214	Medical and Health Sciences
234	pub.1129664214	Quality Education
235	pub.1129665412	Immunology
236	pub.1129665412	Medical and Health Sciences
237	pub.1129670106	Applied Economics
238	pub.1129670106	Economics
239	pub.1129673636	Biochemistry and Cell Biology
240	pub.1129673636	Biological Sciences
241	pub.1129684001	Information Systems
242	pub.1129684001	Business and Management
243	pub.1129684001	Information and Computing Sciences
244	pub.1129684001	Commerce, Management, Tourism and Services
245	pub.1129824693	Public Health and Health Services
246	pub.1129824693	Medical and Health Sciences
247	pub.1129870290	Crop and Pasture Production
248	pub.1129870290	Food Sciences
249	pub.1129870290	Agricultural and Veterinary Sciences
250	pub.1129870290	Engineering
251	pub.1129870290	Zero Hunger
252	pub.1129897197	Immunology
253	pub.1129897197	Medical and Health Sciences
254	pub.1129903168	Clinical Sciences
255	pub.1129903168	Immunology
256	pub.1129903168	Public Health and Health Services
257	pub.1129903168	Medical and Health Sciences
258	pub.1129912096	Medical Microbiology
259	pub.1129912096	Medical and Health Sciences
260	pub.1129925107	Political Science
261	pub.1129925107	Studies in Human Society
262	pub.1129936821	Clinical Sciences
263	pub.1129936821	Medical and Health Sciences
264	pub.1129991152	Immunology
265	pub.1129991152	Neurosciences
266	pub.1129991152	Medical and Health Sciences
267	pub.1130052340	Genetics
268	pub.1130052340	Biological Sciences
269	pub.1130128326	Medical and Health Sciences
270	pub.1130153559	Medical and Health Sciences
271	pub.1130167203	Neurosciences
272	pub.1130167203	Medical and Health Sciences
273	pub.1130204521	Clinical Sciences
274	pub.1130204521	Medical and Health Sciences
275	pub.1130216912	Biochemistry and Cell Biology
276	pub.1130216912	Biological Sciences
277	pub.1130232015	Biochemistry and Cell Biology
278	pub.1130232015	Biological Sciences
279	pub.1130237957	Clinical Sciences
280	pub.1130237957	Immunology
281	pub.1130237957	Medical and Health Sciences
282	pub.1130238130	Clinical Sciences
283	pub.1130238130	Immunology
284	pub.1130238130	Medical and Health Sciences
285	pub.1130238730	Clinical Sciences
286	pub.1130238730	Immunology
287	pub.1130238730	Medical and Health Sciences
288	pub.1130254848	Medical Microbiology
289	pub.1130254848	Medical and Health Sciences
290	pub.1130327830	Psychology
291	pub.1130327830	Psychology and Cognitive Sciences
292	pub.1130327902	Oncology and Carcinogenesis
293	pub.1130327902	Medical and Health Sciences
294	pub.1130340158	Public Health and Health Services
295	pub.1130340158	Medical and Health Sciences
296	pub.1130340744	Clinical Sciences
297	pub.1130340744	Medical and Health Sciences
298	pub.1130392179	Medical and Health Sciences
299	pub.1130392179	Psychology and Cognitive Sciences
300	pub.1130397336	Cardiorespiratory Medicine and Haematology
301	pub.1130397336	Medical and Health Sciences
302	pub.1130504966	Cardiorespiratory Medicine and Haematology
303	pub.1130504966	Medical and Health Sciences
304	pub.1130538308	Clinical Sciences
305	pub.1130538308	Medical and Health Sciences
306	pub.1130575443	Medical and Health Sciences
307	pub.1130577951	Immunology
308	pub.1130577951	Medical and Health Sciences
309	pub.1130649899	Ophthalmology and Optometry
310	pub.1130649899	Medical and Health Sciences
311	pub.1130654923	Clinical Sciences
312	pub.1130654923	Medical and Health Sciences
313	pub.1130674538	Clinical Sciences
314	pub.1130674538	Neurosciences
315	pub.1130674538	Ophthalmology and Optometry
316	pub.1130674538	Medical and Health Sciences
317	pub.1130687096	Immunology
318	pub.1130687096	Medical and Health Sciences
319	pub.1130718178	Immunology
320	pub.1130718178	Medical and Health Sciences
321	pub.1130787494	Medical Microbiology
322	pub.1130787494	Medical and Health Sciences
323	pub.1130838131	Immunology
324	pub.1130838131	Medical and Health Sciences
325	pub.1130905765	Pharmacology and Pharmaceutical Sciences
326	pub.1130905765	Medical and Health Sciences
327	pub.1130928774	Public Health and Health Services
328	pub.1130928774	Medical and Health Sciences
329	pub.1130970490	Econometrics
330	pub.1130970490	Economics
331	pub.1130985011	Public Health and Health Services
332	pub.1130985011	Medical and Health Sciences
333	pub.1130993678	Clinical Sciences
334	pub.1130993678	Medical and Health Sciences
335	pub.1130993678	Good Health and Well Being
336	pub.1131077045	Clinical Sciences
337	pub.1131077045	Immunology
338	pub.1131077045	Public Health and Health Services
339	pub.1131077045	Medical and Health Sciences
340	pub.1131101178	Law
341	pub.1131101178	Law and Legal Studies
342	pub.1131202528	Business and Management
343	pub.1131202528	Commerce, Management, Tourism and Services
344	pub.1131204097	Microbiology
345	pub.1131204097	Immunology
346	pub.1131204097	Biological Sciences
347	pub.1131204097	Medical and Health Sciences
348	pub.1131215812	Medicinal and Biomolecular Chemistry
349	pub.1131215812	Organic Chemistry
350	pub.1131215812	Theoretical and Computational Chemistry
351	pub.1131215812	Chemical Sciences
352	pub.1131215812	Good Health and Well Being
353	pub.1131216008	Public Health and Health Services
354	pub.1131216008	Medical and Health Sciences
355	pub.1131255014	Environmental Science and Management
356	pub.1131255014	Environmental Sciences
357	pub.1131304301	Immunology
358	pub.1131304301	Medical and Health Sciences
359	pub.1131366772	Medical Microbiology
360	pub.1131366772	Medical and Health Sciences
361	pub.1131448655	Biochemistry and Cell Biology
362	pub.1131448655	Biological Sciences
363	pub.1131464447	Pure Mathematics
364	pub.1131464447	Mathematical Sciences
365	pub.1131471047	Environmental Science and Management
366	pub.1131471047	Environmental Sciences
367	pub.1131624623	Clinical Sciences
368	pub.1131624623	Public Health and Health Services
369	pub.1131624623	Medical and Health Sciences
370	pub.1131624687	Cardiorespiratory Medicine and Haematology
371	pub.1131624687	Medical and Health Sciences
372	pub.1131721397	Medical and Health Sciences
373	pub.1131748822	Applied Economics
374	pub.1131748822	Economics
375	pub.1131748822	Zero Hunger
376	pub.1131796221	Cardiorespiratory Medicine and Haematology
377	pub.1131796221	Medical and Health Sciences
378	pub.1131796221	Good Health and Well Being
379	pub.1131846614	Medical and Health Sciences
380	pub.1131882484	Biological Sciences
381	pub.1131882484	Medical and Health Sciences
382	pub.1131920383	Medical Microbiology
383	pub.1131920383	Medical and Health Sciences
384	pub.1132018186	Clinical Sciences
385	pub.1132018186	Medical and Health Sciences
386	pub.1132018186	Good Health and Well Being
387	pub.1132023093	Clinical Sciences
388	pub.1132023093	Medical and Health Sciences
389	pub.1132036996	Pharmacology and Pharmaceutical Sciences
390	pub.1132036996	Medical and Health Sciences
391	pub.1132062920	Cardiorespiratory Medicine and Haematology
392	pub.1132062920	Medical and Health Sciences
393	pub.1132062920	Good Health and Well Being
394	pub.1132063999	Cardiorespiratory Medicine and Haematology
395	pub.1132063999	Medical and Health Sciences
396	pub.1132108378	Statistics
397	pub.1132108378	Mathematical Sciences
398	pub.1132108762	Immunology
399	pub.1132108762	Medical Microbiology
400	pub.1132108762	Medical and Health Sciences
401	pub.1132109384	Clinical Sciences
402	pub.1132109384	Medical and Health Sciences
403	pub.1132127717	Clinical Sciences
404	pub.1132127717	Medical and Health Sciences
405	pub.1132127717	Good Health and Well Being
406	pub.1132127722	Public Health and Health Services
407	pub.1132127722	Medical and Health Sciences
408	pub.1132143651	Medical Microbiology
409	pub.1132143651	Medical and Health Sciences
410	pub.1132189732	Biochemistry and Cell Biology
411	pub.1132189732	Medical Microbiology
412	pub.1132189732	Biological Sciences
413	pub.1132189732	Medical and Health Sciences
414	pub.1132243796	Other Physical Sciences
415	pub.1132243796	Clinical Sciences
416	pub.1132243796	Physical Sciences
417	pub.1132243796	Medical and Health Sciences
418	pub.1132243829	Clinical Sciences
419	pub.1132243829	Medical and Health Sciences
420	pub.1132294775	Paediatrics and Reproductive Medicine
421	pub.1132294775	Public Health and Health Services
422	pub.1132294775	Medical and Health Sciences
423	pub.1132321841	Applied Economics
424	pub.1132321841	Economics
425	pub.1132321841	Decent Work and Economic Growth
426	pub.1132339010	Genetics
427	pub.1132339010	Immunology
428	pub.1132339010	Biological Sciences
429	pub.1132339010	Medical and Health Sciences
430	pub.1132420900	Immunology
431	pub.1132420900	Medical and Health Sciences
432	pub.1132451777	Clinical Sciences
433	pub.1132451777	Medical and Health Sciences
434	pub.1132451825	Cardiorespiratory Medicine and Haematology
435	pub.1132451825	Medical and Health Sciences
436	pub.1132452614	Medical and Health Sciences
437	pub.1132490817	Medical Microbiology
438	pub.1132490817	Medical and Health Sciences
439	pub.1132496874	Clinical Sciences
440	pub.1132496874	Medical and Health Sciences
441	pub.1132502583	Applied Economics
442	pub.1132502583	Economics
443	pub.1132581290	Cardiorespiratory Medicine and Haematology
444	pub.1132581290	Medical and Health Sciences
445	pub.1132625841	Clinical Sciences
446	pub.1132625841	Public Health and Health Services
447	pub.1132625841	Other Medical and Health Sciences
448	pub.1132625841	Medical and Health Sciences
449	pub.1132635498	Pharmacology and Pharmaceutical Sciences
450	pub.1132635498	Medical and Health Sciences
451	pub.1132683657	Medical Physiology
452	pub.1132683657	Medical and Health Sciences
453	pub.1132714885	Clinical Sciences
454	pub.1132714885	Medical and Health Sciences
455	pub.1132727798	Specialist Studies In Education
456	pub.1132727798	Education
457	pub.1132826176	Public Health and Health Services
458	pub.1132826176	Medical and Health Sciences
459	pub.1132882180	Neurosciences
460	pub.1132882180	Medical and Health Sciences
461	pub.1132897150	Clinical Sciences
462	pub.1132897150	Oncology and Carcinogenesis
463	pub.1132897150	Medical and Health Sciences
464	pub.1132924631	Banking, Finance and Investment
465	pub.1132924631	Commerce, Management, Tourism and Services
466	pub.1132929229	Banking, Finance and Investment
467	pub.1132929229	Commerce, Management, Tourism and Services
468	pub.1132946915	Biochemistry and Cell Biology
469	pub.1132946915	Biological Sciences
470	pub.1132983513	Neurosciences
471	pub.1132983513	Medical and Health Sciences
472	pub.1133067852	Immunology
473	pub.1133067852	Medical and Health Sciences
474	pub.1133112967	Clinical Sciences
475	pub.1133112967	Public Health and Health Services
476	pub.1133112967	Medical and Health Sciences
477	pub.1133248667	Public Health and Health Services
478	pub.1133248667	Medical and Health Sciences
479	pub.1133285298	Public Health and Health Services
480	pub.1133285298	Medical and Health Sciences
481	pub.1133301560	Genetics
482	pub.1133301560	Biological Sciences
483	pub.1133349434	Artificial Intelligence and Image Processing
484	pub.1133349434	Computation Theory and Mathematics
485	pub.1133349434	Information and Computing Sciences
486	pub.1133349434	Good Health and Well Being
487	pub.1133402081	Immunology
488	pub.1133402081	Medical and Health Sciences
489	pub.1133443729	Clinical Sciences
490	pub.1133443729	Medical and Health Sciences
491	pub.1133443729	Good Health and Well Being
492	pub.1133449298	Public Health and Health Services
493	pub.1133449298	Medical and Health Sciences
494	pub.1133467647	Cardiorespiratory Medicine and Haematology
495	pub.1133467647	Medical and Health Sciences
496	pub.1133484455	Applied Economics
497	pub.1133484455	Economics
498	pub.1133484455	Decent Work and Economic Growth
499	pub.1133490339	Public Health and Health Services
500	pub.1133490339	Medical and Health Sciences
501	pub.1133498574	Environmental Science and Management
502	pub.1133498574	Ecology
503	pub.1133498574	Environmental Sciences
504	pub.1133498574	Biological Sciences
505	pub.1133615541	Public Health and Health Services
506	pub.1133615541	Medical and Health Sciences
507	pub.1133652796	Medical and Health Sciences
508	pub.1133882352	Genetics
509	pub.1133882352	Biological Sciences
510	pub.1134000714	Political Science
511	pub.1134000714	Studies in Human Society
512	pub.1134000714	Climate Action
513	pub.1134035248	Public Health and Health Services
514	pub.1134035248	Medical and Health Sciences
515	pub.1134044324	Immunology
516	pub.1134044324	Medical and Health Sciences
517	pub.1134044324	Good Health and Well Being
518	pub.1134156033	Urban and Regional Planning
519	pub.1134156033	Transportation and Freight Services
520	pub.1134156033	Built Environment and Design
521	pub.1134156033	Commerce, Management, Tourism and Services
522	pub.1134156033	Sustainable Cities and Communities
523	pub.1134191518	Clinical Sciences
524	pub.1134191518	Medical and Health Sciences
525	pub.1134191518	Zero Hunger
526	pub.1134274782	Public Health and Health Services
527	pub.1134274782	Medical and Health Sciences
528	pub.1134294393	Specialist Studies In Education
529	pub.1134294393	Education
530	pub.1134385780	Clinical Sciences
531	pub.1134385780	Immunology
532	pub.1134385780	Public Health and Health Services
533	pub.1134385780	Medical and Health Sciences
534	pub.1134391163	Public Health and Health Services
535	pub.1134391163	Medical and Health Sciences
536	pub.1134394691	Public Health and Health Services
537	pub.1134394691	Medical and Health Sciences
538	pub.1134408786	Medical Microbiology
539	pub.1134408786	Medical and Health Sciences
540	pub.1134421067	Clinical Sciences
541	pub.1134421067	Immunology
542	pub.1134421067	Public Health and Health Services
543	pub.1134421067	Medical and Health Sciences
544	pub.1134445536	Clinical Sciences
545	pub.1134445536	Medical and Health Sciences
546	pub.1134472917	Clinical Sciences
547	pub.1134472917	Medical and Health Sciences
548	pub.1134492102	Biochemistry and Cell Biology
549	pub.1134492102	Medical Microbiology
550	pub.1134492102	Biological Sciences
551	pub.1134492102	Medical and Health Sciences
552	pub.1134522261	Clinical Sciences
553	pub.1134522261	Medical and Health Sciences
554	pub.1134556841	Cardiorespiratory Medicine and Haematology
555	pub.1134556841	Clinical Sciences
556	pub.1134556841	Medical and Health Sciences
557	pub.1134589123	Immunology
558	pub.1134589123	Medical and Health Sciences
559	pub.1134598220	Physical Chemistry (incl. Structural)
560	pub.1134598220	Chemical Sciences
561	pub.1134683682	Applied Economics
562	pub.1134683682	Economics
563	pub.1134703864	Analytical Chemistry
564	pub.1134703864	Other Chemical Sciences
565	pub.1134703864	Chemical Sciences
566	pub.1134705099	Biochemistry and Cell Biology
567	pub.1134705099	Clinical Sciences
568	pub.1134705099	Biological Sciences
569	pub.1134705099	Medical and Health Sciences
570	pub.1134710486	Mathematical Sciences
571	pub.1134710486	Physical Sciences
572	pub.1134710486	Engineering
573	pub.1134712373	Cardiorespiratory Medicine and Haematology
574	pub.1134712373	Medical Physiology
575	pub.1134712373	Medical and Health Sciences
576	pub.1134714744	Clinical Sciences
577	pub.1134714744	Medical and Health Sciences
578	pub.1134735838	Medical and Health Sciences
579	pub.1134763789	Medical and Health Sciences
580	pub.1134768505	Applied Economics
581	pub.1134768505	Business and Management
582	pub.1134768505	Sociology
583	pub.1134768505	Economics
584	pub.1134768505	Commerce, Management, Tourism and Services
585	pub.1134768505	Studies in Human Society
586	pub.1134814798	Economics
587	pub.1134814798	Good Health and Well Being
588	pub.1134814798	Industry, Innovation and Infrastructure
589	pub.1134850501	Public Health and Health Services
590	pub.1134850501	Medical and Health Sciences
591	pub.1134912877	Clinical Sciences
592	pub.1134912877	Medical and Health Sciences
593	pub.1135031368	Clinical Sciences
594	pub.1135031368	Public Health and Health Services
595	pub.1135031368	Medical and Health Sciences
596	pub.1135031387	Public Health and Health Services
597	pub.1135031387	Medical and Health Sciences
598	pub.1135063169	Biochemistry and Cell Biology
599	pub.1135063169	Biological Sciences
600	pub.1135073341	Specialist Studies In Education
601	pub.1135073341	Linguistics
602	pub.1135073341	Education
603	pub.1135073341	Language, Communication and Culture
604	pub.1135105436	Biological Sciences
605	pub.1135105436	Technology
606	pub.1135105436	Medical and Health Sciences
607	pub.1135108392	Medical Microbiology
608	pub.1135108392	Medical and Health Sciences
609	pub.1135108392	Good Health and Well Being
610	pub.1135123398	Environmental Science and Management
611	pub.1135123398	Environmental Sciences
612	pub.1135164226	Applied Economics
613	pub.1135164226	Econometrics
614	pub.1135164226	Economics
615	pub.1135172186	Applied Economics
616	pub.1135172186	Economics
617	pub.1135172186	Zero Hunger
618	pub.1135271456	Neurosciences
619	pub.1135271456	Medical and Health Sciences
620	pub.1135271578	Animal Production
621	pub.1135271578	Agricultural and Veterinary Sciences
622	pub.1135276816	Medical and Health Sciences
623	pub.1135323816	Physical Sciences
624	pub.1135323816	Chemical Sciences
625	pub.1135323816	Biological Sciences
626	pub.1135329014	Public Health and Health Services
627	pub.1135329014	Medical and Health Sciences
628	pub.1135339377	Medical Microbiology
629	pub.1135339377	Medical and Health Sciences
630	pub.1135378390	Clinical Sciences
631	pub.1135378390	Medical and Health Sciences
632	pub.1135406918	Clinical Sciences
633	pub.1135406918	Public Health and Health Services
634	pub.1135406918	Medical and Health Sciences
635	pub.1135406918	Good Health and Well Being
636	pub.1135432930	Clinical Sciences
637	pub.1135432930	Human Movement and Sports Science
638	pub.1135432930	Neurosciences
639	pub.1135432930	Medical and Health Sciences
640	pub.1135433039	Public Health and Health Services
641	pub.1135433039	Medical and Health Sciences
642	pub.1135437733	Cardiorespiratory Medicine and Haematology
643	pub.1135437733	Medical and Health Sciences
644	pub.1135468620	Applied Mathematics
645	pub.1135468620	Mathematical Sciences
646	pub.1135473918	Biochemistry and Cell Biology
647	pub.1135473918	Biological Sciences
648	pub.1135535167	Biochemistry and Cell Biology
649	pub.1135535167	Biological Sciences
650	pub.1135555952	Macromolecular and Materials Chemistry
651	pub.1135555952	Chemical Sciences
652	pub.1135555952	Climate Action
653	pub.1135568552	Public Health and Health Services
654	pub.1135568552	Medical and Health Sciences
655	pub.1135580850	Information Systems
656	pub.1135580850	Other Information and Computing Sciences
657	pub.1135580850	Marketing
658	pub.1135580850	Information and Computing Sciences
659	pub.1135580850	Commerce, Management, Tourism and Services
660	pub.1135588381	Medical Microbiology
661	pub.1135588381	Medical and Health Sciences
662	pub.1135588381	Good Health and Well Being
663	pub.1135588428	Medical Microbiology
664	pub.1135588428	Medical and Health Sciences
665	pub.1135705494	Immunology
666	pub.1135705494	Medical and Health Sciences
667	pub.1135705494	Good Health and Well Being
668	pub.1135705504	Clinical Sciences
669	pub.1135705504	Medical and Health Sciences
670	pub.1135723446	Genetics
671	pub.1135723446	Biological Sciences
672	pub.1135827683	Clinical Sciences
673	pub.1135827683	Medical and Health Sciences
674	pub.1135827683	Good Health and Well Being
675	pub.1135827712	Neurosciences
676	pub.1135827712	Medical and Health Sciences
677	pub.1135827712	Good Health and Well Being
678	pub.1135837222	Curriculum and Pedagogy
679	pub.1135837222	Specialist Studies In Education
680	pub.1135837222	Education
681	pub.1135841136	Public Health and Health Services
682	pub.1135841136	Medical and Health Sciences
683	pub.1135871907	Clinical Sciences
684	pub.1135871907	Medical and Health Sciences
685	pub.1135880058	Human Geography
686	pub.1135880058	Policy and Administration
687	pub.1135880058	Political Science
688	pub.1135880058	Studies in Human Society
689	pub.1135881976	Public Health and Health Services
690	pub.1135881976	Medical and Health Sciences
691	pub.1135906033	Psychology
692	pub.1135906033	Psychology and Cognitive Sciences
693	pub.1135906109	Medical Microbiology
694	pub.1135906109	Medical and Health Sciences
695	pub.1135906826	Biochemistry and Cell Biology
696	pub.1135906826	Biological Sciences
697	pub.1135914737	Medical and Health Sciences
698	pub.1135914737	Psychology and Cognitive Sciences
699	pub.1135930738	Medical Microbiology
700	pub.1135930738	Medical and Health Sciences
701	pub.1135934008	Immunology
702	pub.1135934008	Medical and Health Sciences
703	pub.1135934008	Good Health and Well Being
704	pub.1136045993	Clinical Sciences
705	pub.1136045993	Medical and Health Sciences
706	pub.1136046523	Clinical Sciences
707	pub.1136046523	Medical and Health Sciences
708	pub.1136050416	Oncology and Carcinogenesis
709	pub.1136050416	Medical and Health Sciences
710	pub.1136223629	Cardiorespiratory Medicine and Haematology
711	pub.1136223629	Medical and Health Sciences
712	pub.1136306214	Clinical Sciences
713	pub.1136306214	Medical and Health Sciences
714	pub.1136325238	Pharmacology and Pharmaceutical Sciences
715	pub.1136325238	Medical and Health Sciences
716	pub.1136334210	Commercial Services
717	pub.1136334210	Marketing
718	pub.1136334210	Tourism
719	pub.1136334210	Commerce, Management, Tourism and Services
720	pub.1136334239	Specialist Studies In Education
721	pub.1136334239	Education
722	pub.1136401994	Forestry Sciences
723	pub.1136401994	Applied Economics
724	pub.1136401994	Policy and Administration
725	pub.1136401994	Agricultural and Veterinary Sciences
726	pub.1136401994	Economics
727	pub.1136401994	Studies in Human Society
728	pub.1136436630	Clinical Sciences
729	pub.1136436630	Medical and Health Sciences
730	pub.1136436630	Good Health and Well Being
731	pub.1136437147	Built Environment and Design
732	pub.1136441164	Applied Economics
733	pub.1136441164	Policy and Administration
734	pub.1136441164	Economics
735	pub.1136441164	Studies in Human Society
736	pub.1136476074	Pharmacology and Pharmaceutical Sciences
737	pub.1136476074	Medical and Health Sciences
738	pub.1136478799	Geology
739	pub.1136478799	Environmental Science and Management
740	pub.1136478799	Human Geography
741	pub.1136478799	Earth Sciences
742	pub.1136478799	Environmental Sciences
743	pub.1136478799	Studies in Human Society
744	pub.1136478799	Zero Hunger
745	pub.1136498479	Clinical Sciences
746	pub.1136498479	Medical Microbiology
747	pub.1136498479	Public Health and Health Services
748	pub.1136498479	Medical and Health Sciences
749	pub.1136505816	Immunology
750	pub.1136505816	Medical and Health Sciences
751	pub.1136508450	Biochemistry and Cell Biology
752	pub.1136508450	Biological Sciences
753	pub.1136526569	Medical Microbiology
754	pub.1136526569	Medical and Health Sciences
755	pub.1136526908	Psychology
756	pub.1136526908	Psychology and Cognitive Sciences
757	pub.1136529050	Nursing
758	pub.1136529050	Medical and Health Sciences
759	pub.1136537040	Cardiorespiratory Medicine and Haematology
760	pub.1136537040	Medical and Health Sciences
761	pub.1136558966	Public Health and Health Services
762	pub.1136558966	Medical and Health Sciences
763	pub.1136581980	Environmental Science and Management
764	pub.1136581980	Ecology
765	pub.1136581980	Environmental Sciences
766	pub.1136581980	Biological Sciences
767	pub.1136617859	Applied Economics
768	pub.1136617859	Economics
769	pub.1136618433	Biochemistry and Cell Biology
770	pub.1136618433	Biological Sciences
771	pub.1136641442	Biochemistry and Cell Biology
772	pub.1136641442	Genetics
773	pub.1136641442	Biological Sciences
774	pub.1136656027	Immunology
775	pub.1136656027	Medical and Health Sciences
776	pub.1136661172	Immunology
777	pub.1136661172	Medical and Health Sciences
778	pub.1136701257	Clinical Sciences
779	pub.1136701257	Medical and Health Sciences
780	pub.1136730955	Cardiorespiratory Medicine and Haematology
781	pub.1136730955	Medical and Health Sciences
782	pub.1136738702	Public Health and Health Services
783	pub.1136738702	Medical and Health Sciences
784	pub.1136748837	Artificial Intelligence and Image Processing
785	pub.1136748837	Information and Computing Sciences
786	pub.1136751381	Specialist Studies In Education
787	pub.1136751381	Education
788	pub.1136784533	Immunology
789	pub.1136784533	Medical and Health Sciences
790	pub.1136790224	Neurosciences
791	pub.1136790224	Medical and Health Sciences
792	pub.1136841018	Applied Economics
793	pub.1136841018	Economics
794	pub.1136851721	Zoology
795	pub.1136851721	Anthropology
796	pub.1136851721	Biological Sciences
797	pub.1136851721	Studies in Human Society
798	pub.1136861767	Clinical Sciences
799	pub.1136861767	Medical and Health Sciences
800	pub.1136866727	Immunology
801	pub.1136866727	Medical and Health Sciences
802	pub.1136888783	Medical Microbiology
803	pub.1136888783	Medical and Health Sciences
804	pub.1136891936	Biochemistry and Cell Biology
805	pub.1136891936	Pharmacology and Pharmaceutical Sciences
806	pub.1136891936	Biological Sciences
807	pub.1136891936	Medical and Health Sciences
808	pub.1136950071	Biochemistry and Cell Biology
809	pub.1136950071	Medical Microbiology
810	pub.1136950071	Biological Sciences
811	pub.1136950071	Medical and Health Sciences
812	pub.1136951474	Economics
813	pub.1136951474	Studies in Human Society
814	pub.1136959204	Cardiorespiratory Medicine and Haematology
815	pub.1136959204	Medical and Health Sciences
816	pub.1136959204	Good Health and Well Being
817	pub.1136979230	Immunology
818	pub.1136979230	Medical and Health Sciences
819	pub.1136989857	Environmental Science and Management
820	pub.1136989857	Ecology
821	pub.1136989857	Law
822	pub.1136989857	Environmental Sciences
823	pub.1136989857	Biological Sciences
824	pub.1136989857	Law and Legal Studies
825	pub.1136989857	Life on Land
826	pub.1137013869	Public Health and Health Services
827	pub.1137013869	Medical and Health Sciences
828	pub.1137032166	Data Format
829	pub.1137032166	Information Systems
830	pub.1137032166	Information and Computing Sciences
831	pub.1137038942	Geology
832	pub.1137038942	Earth Sciences
833	pub.1137110044	Curriculum and Pedagogy
834	pub.1137110044	Journalism and Professional Writing
835	pub.1137110044	History and Philosophy of Specific Fields
836	pub.1137110044	Education
837	pub.1137110044	Studies in Creative Arts and Writing
838	pub.1137110044	Philosophy and Religious Studies
839	pub.1137137562	Clinical Sciences
840	pub.1137137562	Medical and Health Sciences
841	pub.1137138582	Public Health and Health Services
842	pub.1137138582	Medical and Health Sciences
843	pub.1137138582	Good Health and Well Being
844	pub.1137139847	Physical Sciences
845	pub.1137139847	Chemical Sciences
846	pub.1137139847	Engineering
847	pub.1137141470	Medical and Health Sciences
848	pub.1137184285	Clinical Sciences
849	pub.1137184285	Medical and Health Sciences
850	pub.1137184285	Quality Education
851	pub.1137196694	Public Health and Health Services
852	pub.1137196694	Medical and Health Sciences
853	pub.1137257993	Astronomical and Space Sciences
854	pub.1137257993	Physical Sciences
855	pub.1137261840	Cardiorespiratory Medicine and Haematology
856	pub.1137261840	Medical and Health Sciences
857	pub.1137262430	Immunology
858	pub.1137262430	Medical and Health Sciences
859	pub.1137262430	Good Health and Well Being
860	pub.1137262438	Immunology
861	pub.1137262438	Medical and Health Sciences
862	pub.1137342596	Cardiorespiratory Medicine and Haematology
863	pub.1137342596	Medical and Health Sciences
864	pub.1137376134	Genetics
865	pub.1137376134	Biological Sciences
866	pub.1137386977	Genetics
867	pub.1137386977	Oncology and Carcinogenesis
868	pub.1137386977	Biological Sciences
869	pub.1137386977	Medical and Health Sciences
870	pub.1137395524	Clinical Sciences
871	pub.1137395524	Medical and Health Sciences
872	pub.1137403043	Medical Microbiology
873	pub.1137403043	Medical and Health Sciences
874	pub.1137407494	Medical and Health Sciences
875	pub.1137412678	Specialist Studies In Education
876	pub.1137412678	Education
877	pub.1137412748	Law
878	pub.1137412748	Law and Legal Studies
879	pub.1137412748	Peace, Justice and Strong Institutions
880	pub.1137449854	Applied Economics
881	pub.1137449854	Economics
882	pub.1137449854	Peace, Justice and Strong Institutions
883	pub.1137460892	Biochemistry and Cell Biology
884	pub.1137460892	Biological Sciences
885	pub.1137475309	Biochemistry and Cell Biology
886	pub.1137475309	Biological Sciences
887	pub.1137475309	Zero Hunger
888	pub.1137544713	Biochemistry and Cell Biology
889	pub.1137544713	Biological Sciences
890	pub.1137566649	Philosophy
891	pub.1137566649	Philosophy and Religious Studies
892	pub.1137566649	Peace, Justice and Strong Institutions
893	pub.1137610288	Clinical Sciences
894	pub.1137610288	Immunology
895	pub.1137610288	Medical and Health Sciences
896	pub.1137610288	Good Health and Well Being
897	pub.1137658038	Biochemistry and Cell Biology
898	pub.1137658038	Genetics
899	pub.1137658038	Biological Sciences
900	pub.1137682113	Cardiorespiratory Medicine and Haematology
901	pub.1137682113	Medical and Health Sciences
902	pub.1137685786	Applied Mathematics
903	pub.1137685786	Mathematical Sciences
904	pub.1137710027	Clinical Sciences
905	pub.1137710027	Public Health and Health Services
906	pub.1137710027	Medical and Health Sciences
907	pub.1137734005	Medical and Health Sciences
908	pub.1137750244	Curriculum and Pedagogy
909	pub.1137750244	Specialist Studies In Education
910	pub.1137750244	Education
911	pub.1137773317	Immunology
912	pub.1137773317	Medical and Health Sciences
913	pub.1137773317	Good Health and Well Being
914	pub.1137799816	Clinical Sciences
915	pub.1137799816	Medical and Health Sciences
916	pub.1137807644	Public Health and Health Services
917	pub.1137807644	Medical and Health Sciences
918	pub.1137808411	Clinical Sciences
919	pub.1137808411	Public Health and Health Services
920	pub.1137808411	Medical and Health Sciences
921	pub.1137818272	Medical Microbiology
922	pub.1137818272	Medical and Health Sciences
923	pub.1137820700	Biochemistry and Cell Biology
924	pub.1137820700	Biological Sciences
925	pub.1137840479	Medical and Health Sciences
926	pub.1137862454	Immunology
927	pub.1137862454	Medical and Health Sciences
928	pub.1137862454	Good Health and Well Being
929	pub.1137879065	Medical Microbiology
930	pub.1137879065	Medical and Health Sciences
931	pub.1137890676	Genetics
932	pub.1137890676	Biological Sciences
933	pub.1137903631	Analytical Chemistry
934	pub.1137903631	Distributed Computing
935	pub.1137903631	Electrical and Electronic Engineering
936	pub.1137903631	Chemical Sciences
937	pub.1137903631	Information and Computing Sciences
938	pub.1137903631	Engineering
939	pub.1137907340	Applied Economics
940	pub.1137907340	Demography
941	pub.1137907340	Economics
942	pub.1137907340	Studies in Human Society
943	pub.1137942097	Medical Microbiology
944	pub.1137942097	Medical and Health Sciences
945	pub.1137959368	Neurosciences
946	pub.1137959368	Medical and Health Sciences
947	pub.1137974868	Clinical Sciences
948	pub.1137974868	Immunology
949	pub.1137974868	Public Health and Health Services
950	pub.1137974868	Medical and Health Sciences
951	pub.1138129011	Biochemistry and Cell Biology
952	pub.1138129011	Biological Sciences
953	pub.1138145394	Artificial Intelligence and Image Processing
954	pub.1138145394	Information and Computing Sciences
955	pub.1138165160	Medicinal and Biomolecular Chemistry
956	pub.1138165160	Organic Chemistry
957	pub.1138165160	Theoretical and Computational Chemistry
958	pub.1138165160	Chemical Sciences
959	pub.1138165392	Built Environment and Design
960	pub.1138182150	Public Health and Health Services
961	pub.1138182150	Medical and Health Sciences
962	pub.1138211450	Forestry Sciences
963	pub.1138211450	Agricultural and Veterinary Sciences
964	pub.1138211450	Life on Land
965	pub.1138214444	Applied Economics
966	pub.1138214444	Economics
967	pub.1138215135	Clinical Sciences
968	pub.1138215135	Medical and Health Sciences
969	pub.1138246422	Cardiorespiratory Medicine and Haematology
970	pub.1138246422	Medical and Health Sciences
971	pub.1138246422	Good Health and Well Being
972	pub.1138294730	Clinical Sciences
973	pub.1138294730	Medical and Health Sciences
974	pub.1138294730	Good Health and Well Being
975	pub.1138301879	Public Health and Health Services
976	pub.1138301879	Medical and Health Sciences
977	pub.1138306010	Public Health and Health Services
978	pub.1138306010	Medical and Health Sciences
979	pub.1138306010	Good Health and Well Being
980	pub.1138312427	Applied Economics
981	pub.1138312427	Econometrics
982	pub.1138312427	Economics
983	pub.1138327362	Clinical Sciences
984	pub.1138327362	Medical and Health Sciences
985	pub.1138368978	Oncology and Carcinogenesis
986	pub.1138368978	Medical and Health Sciences
987	pub.1138370374	Linguistics
988	pub.1138370374	Language, Communication and Culture
989	pub.1138370374	Life on Land
990	pub.1138397961	Information Systems
991	pub.1138397961	Information and Computing Sciences
992	pub.1138398108	Public Health and Health Services
993	pub.1138398108	Medical and Health Sciences
994	pub.1138407537	Sociology
995	pub.1138407537	Studies in Human Society
996	pub.1138462607	Public Health and Health Services
997	pub.1138462607	Medical and Health Sciences
998	pub.1138469707	Clinical Sciences
999	pub.1138469707	Medical and Health Sciences
1000	pub.1138470274	Clinical Sciences
1001	pub.1138470274	Medical and Health Sciences
1002	pub.1138475368	Immunology
1003	pub.1138475368	Medical Microbiology
1004	pub.1138475368	Medical and Health Sciences
1005	pub.1138475368	Good Health and Well Being
1006	pub.1138494792	Clinical Sciences
1007	pub.1138494792	Medical and Health Sciences
1008	pub.1138527246	Immunology
1009	pub.1138527246	Medical and Health Sciences
1010	pub.1138527246	Good Health and Well Being
1011	pub.1138562306	Built Environment and Design
1012	pub.1138562306	Affordable and Clean Energy
1013	pub.1138562306	Climate Action
1014	pub.1138562326	Built Environment and Design
1015	pub.1138562326	Sustainable Cities and Communities
1016	pub.1138562353	Medical Microbiology
1017	pub.1138562353	Medical and Health Sciences
1018	pub.1138581624	Immunology
1019	pub.1138581624	Medical and Health Sciences
1020	pub.1138581624	Good Health and Well Being
1021	pub.1138608208	Clinical Sciences
1022	pub.1138608208	Medical and Health Sciences
1023	pub.1138619061	Neurosciences
1024	pub.1138619061	Medical and Health Sciences
1025	pub.1138646562	Medical Microbiology
1026	pub.1138646562	Medical and Health Sciences
1027	pub.1138655074	Banking, Finance and Investment
1028	pub.1138655074	Commerce, Management, Tourism and Services
1029	pub.1138721043	Immunology
1030	pub.1138721043	Neurosciences
1031	pub.1138721043	Medical and Health Sciences
1032	pub.1138721064	Physical Geography and Environmental Geoscience
1033	pub.1138721064	Environmental Science and Management
1034	pub.1138721064	Earth Sciences
1035	pub.1138721064	Environmental Sciences
1036	pub.1138770529	Religion and Religious Studies
1037	pub.1138770529	Philosophy and Religious Studies
1038	pub.1138828349	Oncology and Carcinogenesis
1039	pub.1138828349	Medical and Health Sciences
1040	pub.1138870053	Immunology
1041	pub.1138870053	Medical and Health Sciences
1042	pub.1138870053	Good Health and Well Being
1043	pub.1138984850	Immunology
1044	pub.1138984850	Medical and Health Sciences
1045	pub.1139030810	Neurosciences
1046	pub.1139030810	Psychology
1047	pub.1139030810	Medical and Health Sciences
1048	pub.1139030810	Psychology and Cognitive Sciences
1049	pub.1139098537	Immunology
1050	pub.1139098537	Medical and Health Sciences
1051	pub.1139098537	Good Health and Well Being
1052	pub.1139114552	Public Health and Health Services
1053	pub.1139114552	Medical and Health Sciences
1054	pub.1139114552	Peace, Justice and Strong Institutions
1055	pub.1139207057	Genetics
1056	pub.1139207057	Biological Sciences
1057	pub.1139214874	Immunology
1058	pub.1139214874	Medical and Health Sciences
1059	pub.1139214874	Good Health and Well Being
1060	pub.1139249926	Microbiology
1061	pub.1139249926	Medical Microbiology
1062	pub.1139249926	Biological Sciences
1063	pub.1139249926	Medical and Health Sciences
1064	pub.1139255456	Medical Microbiology
1065	pub.1139255456	Medical and Health Sciences
