	full_name	main_affiliation
3465	s_poehlmann	grid.418215.b
2401	m_hoffmann	grid.418215.b
2140	l_gattinoni	grid.7450.6
1446	h_kleine-weber	grid.418215.b
1436	h_hofmann-winkler	grid.418215.b
2280	m_busana	grid.7450.6
523	b_tampe	grid.411984.1
2791	n_krueger	grid.418215.b
3626	t_friede	grid.411984.1
2966	p_korsten	grid.411984.1
3901	v_priesemann	grid.419514.c
3606	t_buhl	grid.411984.1
191	a_kempf	grid.418215.b
2866	o_moerer	grid.411984.1
3359	s_hakroush	grid.411984.1
1438	h_jaeck	grid.5330.5
755	c_stadelmann	grid.411984.1
2614	m_schoen	grid.411984.1
2912	p_cramer	grid.418140.8
586	c_dienemann	grid.418140.8
2718	m_worm	grid.6363.0
2147	l_graichen	grid.418215.b
3809	u_gross	grid.411984.1
3513	s_schulz	grid.5330.5
2759	n_feltgen	grid.411984.1
1427	h_hillen	grid.418140.8
2710	m_winkler	grid.411984.1
1317	g_kokic	grid.418140.8
1579	i_nehlmeier	grid.418215.b
3427	s_meier	grid.9026.d
1520	h_tidow	grid.9026.d
2608	m_schiavone	grid.144767.7
2107	l_camporota	grid.13097.3c
59	a_carpinteiro	grid.5718.b
952	d_tegunov	grid.418140.8
1798	j_muench	grid.410712.1
1415	h_gieseler	grid.9026.d
3123	r_foerster	grid.10423.34
259	a_melin	grid.22072.35
3141	r_hilgenfeld	grid.4562.5
3592	t_beck	grid.9026.d
905	d_melo	grid.9026.d
2896	p_arora	grid.7450.6
1431	h_hoerauf	grid.411984.1
282	a_nourmohammad	grid.34477.33
298	a_pearson	grid.9026.d
831	d_chiumello	grid.4708.b
561	c_betzel	grid.9026.d
724	c_rogers	grid.9026.d
4023	x_sun	grid.4562.5
2237	l_zhang	grid.4562.5
3457	s_pfaender	grid.5570.7
2263	m_belz	grid.411984.1
2889	o_vapalahti	grid.7737.4
1776	j_marini	grid.17635.36
599	c_drosten	grid.7468.d
1681	j_franz	grid.411984.1
416	a_wahed	grid.7450.6
141	a_hahn	grid.10493.3f
1307	g_isacchini	grid.419514.c
1630	j_buentzel	grid.411984.1
75	a_cossmann	grid.10423.34
1845	j_schlueter	grid.7450.6
1232	f_spitzner	grid.419514.c
1660	j_dehning	grid.419514.c
40	a_bossert	grid.7450.6
1410	h_frickmann	grid.452235.7
3600	t_biedermann	grid.6936.a
2436	m_kersting	grid.419514.c
1196	f_neipel	grid.411668.c
1397	h_chapman	grid.9026.d
2642	m_stankov	grid.10423.34
3382	s_kasab	grid.259828.c
1905	j_wiltfang	grid.411984.1
3914	v_satagopam	grid.16008.3f
1030	e_gulbins	grid.24827.3b
2705	m_wilczek	grid.419514.c
1911	j_zaitsev-doyle	grid.9026.d
3255	s_anker	grid.6363.0
1916	j_zierenberg	grid.419514.c
2701	m_wibral	grid.7450.6
1923	k_becker	grid.5718.b
3957	w_gu	grid.16008.3f
748	c_setz	grid.411984.1
3280	s_blaschke	grid.411984.1
1856	j_schwanbeck	grid.411984.1
1077	e_papaemmanuil	grid.51462.34
1090	e_schmidt	grid.4562.5
1786	j_medina-martinez	grid.51462.34
3202	r_schneider	grid.16008.3f
2658	m_tenbusch	grid.411668.c
3631	t_fuchs	grid.411984.1
225	a_krisko	grid.411984.1
784	c_trefois	grid.16008.3f
2770	n_goedecke	grid.10423.34
1123	f_berenbaum	grid.462844.8
3973	w_lim	grid.453420.4
2130	l_farnung	grid.418140.8
1047	e_jarvis	grid.134907.8
646	c_hoebartner	grid.8379.5
1130	f_brilot	grid.1013.3
743	c_schultze-florey	grid.10423.34
3135	r_gross	grid.410712.1
123	a_gasperetti	grid.144767.7
2368	m_goebeler	grid.411760.5
978	d_wu	grid.419010.d
101	a_ensser	grid.411668.c
2266	m_bernhofer	grid.6936.a
1392	h_bracht	grid.410712.1
3114	r_dijkman	grid.5734.5
509	b_schepens	grid.5342.0
1602	j_arango	grid.51462.34
2250	m_anastasina	grid.7737.4
4038	y_jarosz	grid.16008.3f
4072	y_zhou	grid.51462.34
2445	m_klein	grid.275559.9
3094	r_blasczyk	grid.10423.34
2311	m_dobbelstein	grid.411984.1
3735	t_schulz	grid.10423.34
91	a_duarte-garcía	grid.66875.3a
848	d_de vlieger	grid.5342.0
3422	s_ludwig	grid.5949.1
581	c_dallago	grid.6936.a
987	e_bernard	grid.51462.34
3130	r_golestanian	grid.4991.5
2485	m_levine	grid.51462.34
4022	x_saelens	grid.5342.0
2391	m_heinzinger	grid.6936.a
3391	s_kluge	grid.13648.38
512	b_schott	grid.411984.1
3012	p_ponikowski	grid.4495.c
1824	j_rehwinkel	grid.4991.5
696	c_møller	grid.7048.b
3618	t_eiwegger	grid.42327.30
518	b_seychell	grid.9026.d
1825	j_riggert	grid.411984.1
3107	r_cox	grid.9122.8
1408	h_fleckenstein	grid.466493.a
3612	t_czypionka	grid.13063.37
1261	g_behrens	grid.10423.34
1256	g_bagheri	grid.419514.c
1840	j_schanz	grid.411984.1
1244	f_van der meer	grid.411984.1
3015	p_reinke	grid.466493.a
1404	h_ehrenreich	grid.419522.9
1848	j_schmitzova	grid.418140.8
1238	f_trost	grid.466493.a
3874	v_hennicke	grid.466493.a
3869	v_gilchrist	grid.28046.38
3075	p_xavier	grid.469852.4
3706	t_outeiro	grid.419522.9
721	c_ritter	grid.10423.34
552	c_bartels	grid.411984.1
3711	t_poulsen	grid.7048.b
1465	h_merk	grid.1957.a
3063	p_vignon	grid.412212.6
1194	f_mueller	grid.411984.1
3721	t_reinhard	grid.7708.8
1199	f_noé	grid.14095.39
3087	r_bals	grid.11749.3a
1430	h_hoang	grid.414148.c
299	a_peck	grid.20861.3d
531	b_wacker	grid.419514.c
1496	h_schrezenmeier	grid.410712.1
3039	p_staubach	grid.410607.4
309	a_pirmani	grid.12155.32
1814	j_pletzer-zelgert	grid.9026.d
1221	f_schluenzen	grid.466493.a
1881	j_thyrsted	grid.7048.b
1872	j_sparks	grid.62560.37
1263	g_bernhardt	grid.10423.34
1791	j_meyer	grid.7683.a
2826	n_ullah	grid.9026.d
461	b_hernaez	grid.465524.4
3171	r_nau	grid.411984.1
477	b_krichel	grid.418481.0
648	c_holm	grid.7048.b
2968	p_la rosée	grid.275559.9
1717	j_hiscott	grid.452606.3
3816	u_landmesser	grid.6363.0
3647	t_hempel	grid.14095.39
3157	r_lugert	grid.411984.1
2959	p_klimek	grid.484678.1
2890	o_yefanov	grid.466493.a
468	b_jahrsdoerfer	grid.6582.9
3650	t_huber	grid.13648.38
2976	p_lepper	grid.11749.3a
1700	j_hakanpaeae	grid.7683.a
1334	g_mitacchione	grid.144767.7
635	c_hanson	grid.8991.9
1638	j_butler	grid.410721.1
1345	g_ramos	grid.10423.34
3655	t_jakob	grid.8664.c
450	b_escudero-pérez	grid.424065.1
435	a_zautner	grid.411984.1
3779	t_werfel	grid.10423.34
3782	t_white	grid.466493.a
442	b_bošnjak	grid.10423.34
478	b_kumle	grid.469999.2
1728	j_huebner	grid.489540.4
1806	j_otwinowski	grid.419514.c
1272	g_comi	grid.18887.3e
674	c_li	grid.466493.a
1802	j_neto	grid.419514.c
1394	h_brognaro	grid.9026.d
360	a_seidel	grid.410712.1
2919	p_fischer	grid.466493.a
2836	n_werner	grid.9026.d
1552	i_feussner	grid.7450.6
2838	n_wu	grid.35403.31
365	a_sidarovich	grid.418215.b
2998	p_mehrabi	grid.469852.4
3751	t_spelman	grid.4714.6
1557	i_gehrke	grid.469999.2
493	b_norton-baker	grid.469852.4
1298	g_giordano	grid.11696.39
1274	g_danziger	grid.11749.3a
489	b_mollenhauer	grid.411984.1
1766	j_lieske	grid.466493.a
603	c_ehrt	grid.9026.d
1385	h_andaleeb	grid.9026.d
1289	g_forleo	grid.144767.7
2856	o_gross	grid.411984.1
1588	i_ravens	grid.10423.34
1749	j_kornhuber	grid.5330.5
1746	j_knoska	grid.466493.a
386	a_thielke	grid.7048.b
3183	r_ottosen	grid.7048.b
390	a_tolstikova	grid.466493.a
2903	p_bittihn	grid.419514.c
279	a_nitsche	grid.13652.33
146	a_hansen	grid.7048.b
2536	m_mueller	grid.452463.2
143	a_hait	grid.154185.c
1016	e_farahani	grid.7048.b
3517	s_simpson-yap	grid.1008.9
3380	s_jørgensen	grid.154185.c
3512	s_schroeder	grid.7468.d
208	a_kleger	grid.410712.1
994	e_bodenschatz	grid.7450.6
2531	m_mirdita	grid.418140.8
2224	l_thomas	grid.5947.f
986	e_almallouhi	grid.259828.c
3503	s_schliemann	grid.275559.9
152	a_herengt	grid.7048.b
158	a_hochhaus	grid.275559.9
795	c_vogelberg	grid.412282.f
1091	e_schulz	grid.469852.4
3333	s_falke	grid.9026.d
2620	m_schwinzer	grid.9026.d
2097	l_bartsch	grid.411984.1
2616	m_schroeder	grid.4488.0
1058	e_kuhlmann	grid.7450.6
2603	m_saeed	grid.189504.1
3352	s_guenther	grid.424065.1
790	c_tschoepe	grid.6363.0
2590	m_rarey	grid.9026.d
792	c_uetrecht	grid.418481.0
2585	m_quintel	grid.411984.1
2141	l_gelisio	grid.466493.a
2520	m_maurer	grid.6363.0
3502	s_schlagowski	grid.418215.b
50	a_buessing	grid.412581.b
2453	m_konig	grid.21107.35
3437	s_nessler	grid.411984.1
919	d_oberthuer	grid.466493.a
2354	m_galchenkova	grid.466493.a
2355	m_galli	grid.144767.7
2377	m_groessler	grid.466493.a
4084	z_montague	grid.34477.33
3448	s_paludan	grid.7048.b
2415	m_jakobsen	grid.7048.b
13	a_antal	grid.411984.1
2412	m_iversen	grid.7048.b
2410	m_idorn	grid.7048.b
7	a_alcamí	grid.465524.4
2398	m_hoeper	grid.10423.34
3432	s_mohr	grid.419514.c
863	d_gurdasani	grid.4868.2
3500	s_scheithauer	grid.7450.6
2315	m_domaracky	grid.466493.a
2515	m_mancone	grid.7841.a
4033	y_fernández-garcía	grid.424065.1
4035	y_gevorkov	grid.466493.a
89	a_dopfer-jablonka	grid.10423.34
88	a_doerschug	grid.411984.1
84	a_dickmanns	grid.411984.1
2257	m_barthelmess	grid.466493.a
3493	s_saouane	grid.7683.a
4050	y_luo	grid.21155.32
960	d_turk	grid.457168.9
63	a_chari	grid.418140.8
860	d_goerlich	grid.418140.8
1096	e_sirotich	grid.25073.33
3708	t_parciak	grid.411984.1
257	a_meents	grid.466493.a
3258	s_antinori	grid.4708.b
1178	f_la rosée	grid.4488.0
219	a_kratzel	grid.5734.5
1105	e_szczurek	grid.12847.38
758	c_stahl-hennig	grid.418215.b
3262	s_awel	grid.466493.a
2666	m_timme	grid.7450.6
3584	t_alain	grid.28046.38
2030	k_mese	grid.411984.1
2643	m_steinegger	grid.31501.36
2691	m_weber	grid.411984.1
213	a_knudsen	grid.7048.b
1102	e_steinmann	grid.5570.7
3308	s_coppola	grid.415093.a
3926	v_thiel	grid.438536.f
269	a_moldenhauer	grid.418215.b
3306	s_contreras	grid.419514.c
3945	w_brehm	grid.466493.a
3574	s_willenzon	grid.10423.34
253	a_mashhour	grid.466493.a
969	d_von stetten	grid.475756.2
1393	h_bremer	grid.469999.2
3408	s_kuivanen	grid.7737.4
1208	f_ritzmann	grid.11749.3a
964	d_van looveren	grid.5596.f
3243	s_aeffner	grid.411984.1
1390	h_bonnekoh	grid.6363.0
1167	f_kirchhoff	grid.410712.1
961	d_van der horst	grid.7048.b
955	d_todt	grid.5570.7
1164	f_hyafil	grid.508487.6
1211	f_ruschitzka	grid.7400.3
3404	s_koscielny	grid.275559.9
3117	r_domingues	grid.411984.1
1387	h_ashkenazy	grid.419495.4
1375	g_yachdav	grid.6936.a
1376	g_yamey	grid.26009.3d
984	d_zinner	grid.7450.6
1216	f_sannino	grid.4691.a
1156	f_heppner	grid.484013.a
3273	s_beissert	grid.4488.0
1379	g_zhang	grid.21155.32
1382	g_zimmer	grid.438536.f
3396	s_knauss	grid.6363.0
3271	s_becker	grid.10392.39
1161	f_hoffmann	grid.5252.0
977	d_wrapp	grid.89336.37
974	d_wichmann	grid.13648.38
951	d_tampe	grid.411984.1
3319	s_devlin	grid.51462.34
1400	h_dargie	grid.8756.c
1188	f_marrone	grid.137628.9
3441	s_olsson	grid.14095.39
3091	r_bejar	grid.266100.3
3089	r_baughman	grid.413561.4
914	d_neuberg	grid.65499.37
910	d_mondal	grid.414142.6
1187	f_macgilchrist	grid.7450.6
3446	s_o’donoghue	grid.415306.5
3084	r_alonso	grid.413262.0
1443	h_kauczor	grid.5253.1
949	d_staudacher	grid.5963.9
1185	f_luehder	grid.411984.1
3449	s_panneerselvam	grid.475756.2
3451	s_peri	grid.249335.a
899	d_loske	grid.448793.5
1451	h_kragten	grid.412966.e
3454	s_petri	grid.10423.34
1190	f_meunier	grid.1003.2
3440	s_ogawa	grid.258799.8
917	d_nowak	grid.411095.8
947	d_sim	grid.419385.2
941	d_schloesser	grid.411984.1
3423	s_mang	grid.11749.3a
3121	r_ferrer	grid.413448.e
1198	f_nordsiek	grid.419514.c
3428	s_meyer-roetz	grid.411984.1
931	d_recchia	grid.412581.b
3434	s_mueller	grid.7450.6
1416	h_ginn	grid.18785.33
1195	f_nauck	grid.7450.6
3438	s_niebling	grid.475756.2
923	d_pascual-figal	grid.411372.2
3095	r_brehler	grid.16149.3b
920	d_olagnier	grid.7048.b
1425	h_herwartz	grid.7450.6
1365	g_stary	grid.22937.3d
1217	f_santos	grid.413562.7
3185	r_pinheiro	grid.8395.7
1049	e_jensen-jarolim	grid.22937.3d
3182	r_ojha	grid.7737.4
3180	r_oh	grid.1003.2
3313	s_cuschieri	grid.4462.4
1112	e_untersmayr	grid.22937.3d
1302	g_gundem	grid.51462.34
3175	r_nicholas	grid.7445.2
3212	r_starke	grid.26790.3a
3169	r_muellenbach	grid.5155.4
1311	g_kampf	grid.5603.0
3164	r_moesges	grid.6190.e
1046	e_jankowska	grid.4495.c
1045	e_iftekhar	grid.7692.a
3220	r_van berwaer	grid.415751.3
1318	g_lachmann	grid.484013.a
1247	f_venet	grid.412180.e
1104	e_svenningsen	grid.7048.b
1073	e_noack	grid.411984.1
3205	r_seifert	grid.10423.34
1264	g_bourenkov	grid.475756.2
1094	e_shumilov	grid.411984.1
3324	s_eckert	grid.5734.5
1089	e_schernhammer	grid.22937.3d
3200	r_santos-silva	grid.411195.9
1083	e_rietschel	grid.411097.a
1100	e_stebut	grid.411097.a
3337	s_flohé	grid.410718.b
1258	g_balistreri	grid.7737.4
3199	r_saiki	grid.258799.8
3342	s_gaertner	grid.418215.b
1066	e_michailidis	grid.134907.8
3345	s_gerber	grid.411984.1
1282	g_edan	grid.414271.5
1286	g_filippatos	grid.5216.0
1062	e_lower	grid.413561.4
1061	e_lizano	grid.507636.1
1042	e_hummers	grid.411984.1
1148	f_guicking	grid.466493.a
3138	r_hardeland	grid.7450.6
3383	s_kasahara	grid.415535.3
1000	e_carpinteiro	grid.5718.b
3134	r_grainger	grid.29980.3a
1126	f_bozorgmehr	grid.5253.1
1356	g_sanz	grid.413448.e
3386	s_keitsch	grid.5718.b
1127	f_braun	grid.13648.38
1223	f_seitz	grid.8379.5
1222	f_seiler	grid.11749.3a
1360	g_shackelford	grid.5335.0
3293	s_cajander	grid.15895.30
3292	s_butcher	grid.7737.4
3321	s_dierks	grid.411984.1
1366	g_thomalla	grid.13648.38
1368	g_umapathy	grid.417634.3
1141	f_duru	grid.412004.3
3281	s_boehlken-fascher	grid.7450.6
3139	r_harris	grid.39382.33
3140	r_hasserjian	grid.32224.35
3156	r_ludwig	grid.4562.5
1026	e_graef	grid.239395.7
3357	s_haehling	grid.452396.f
1037	e_hellstroem-lindberg	grid.4714.6
1329	g_mascioli	grid.477189.4
1241	f_uhle	grid.5253.1
3365	s_hoersch	grid.11749.3a
1333	g_michels	grid.459927.4
3302	s_chiba	grid.20515.33
3148	r_kaiser	grid.11749.3a
1008	e_de brouwer	grid.5596.f
1023	e_giamarellos-bourboulis	grid.5216.0
1022	e_gaffal	grid.411559.d
1237	f_thol	grid.10423.34
1014	e_enax-krumova	grid.5570.7
1344	g_pompidor	grid.475756.2
1234	f_taccone	grid.4989.c
3376	s_johnson	grid.22072.35
3378	s_jonjic	grid.22939.33
1181	f_lammert	grid.411937.9
1647	j_cervera	grid.84393.35
1455	h_lehmann	grid.491957.7
2112	l_cantuti-castelvetri	grid.6936.a
2610	m_schilling	grid.4991.5
2104	l_brueckner	grid.5253.1
2613	m_schneider	grid.5253.1
2615	m_schons	grid.411097.a
2093	l_ades	grid.508487.6
2087	k_young	grid.267313.2
2086	k_yamatsuta	grid.459873.4
2083	k_webb	grid.7836.a
2629	m_simons	grid.424247.3
2079	k_vanness	grid.51462.34
2077	k_ueberla	grid.5330.5
2605	m_savona	grid.152326.1
2592	m_raveendran	grid.39382.33
2129	l_erpenbeck	grid.411984.1
2563	m_patel	grid.51462.34
2170	l_lange	grid.500045.4
2168	l_kuderna	grid.507636.1
2569	m_perc	grid.8647.d
2163	l_klimek	grid.500035.3
2162	l_klemke	grid.411984.1
2571	m_pfeifer	grid.411941.8
2156	l_hupe	grid.419514.c
2152	l_hattenbach	grid.413225.3
2146	l_goldman	grid.21107.35
2581	m_psychogios	grid.410567.1
2582	m_putman	grid.16753.36
2142	l_geys	grid.12155.32
2589	m_rankovic	grid.418140.8
2131	l_forsberg	grid.4714.6
2634	m_soddemann	grid.5718.b
2175	l_liévano-latorre	grid.411195.9
2021	k_mar	grid.267313.2
2008	k_korn	grid.5330.5
2684	m_vorgerd	grid.412471.5
2686	m_voso	grid.6530.0
1999	k_karničar	grid.457168.9
1997	k_kallio	grid.7737.4
2692	m_weig	grid.411984.1
2693	m_weigand	grid.5253.1
2694	m_weigel	grid.410567.1
2696	m_wenderoth	grid.7450.6
1986	k_holzapfel	grid.419801.5
1984	k_hohloch	grid.452286.f
1982	k_hoffmann-sommergruber	grid.22937.3d
1981	k_hellwig	grid.491957.7
2675	m_ugarte-gil	grid.430666.1
2022	k_martens	grid.5596.f
2071	k_stevenson	grid.65499.37
2668	m_tobiasson	grid.4714.6
2070	k_steinbrink	grid.5949.1
2068	k_stegmann	grid.411984.1
2636	m_sommer	grid.411984.1
2646	m_sticherling	grid.5330.5
2047	k_roose	grid.11486.3a
2045	k_reiners	grid.507577.7
2044	k_reich	grid.13648.38
2040	k_pueschel	grid.13648.38
2039	k_peuker	grid.4488.0
2662	m_thomas	grid.5253.1
2663	m_thomsen	grid.154185.c
2029	k_menghrajani	grid.51462.34
2028	k_meissner	grid.7450.6
2173	l_levanov	grid.7737.4
2178	l_malcovati	grid.8982.b
1457	h_liu	grid.214007.0
2340	m_fiedler	grid.5253.1
2449	m_klumpp	grid.469827.6
2330	m_endres	grid.6363.0
2458	m_kox	grid.10417.33
2324	m_edwards	grid.24827.3b
2323	m_eckermann	grid.7450.6
2464	m_kretzschmar	grid.7692.a
2467	m_krott	grid.7450.6
2307	m_djannatian	grid.6936.a
2304	m_della porta	grid.452490.e
2301	m_danckaerts	grid.5596.f
2476	m_laporte	grid.415751.3
2295	m_creignou	grid.4714.6
2342	m_follo	grid.6292.f
2285	m_cazzola	grid.8982.b
2444	m_kjolby	grid.7048.b
2399	m_hoffman	grid.7450.6
2396	m_heuser	grid.10423.34
2395	m_hertl	grid.10253.35
2386	m_hallek	grid.6190.e
2413	m_jaedersten	grid.24381.3c
2416	m_janiak	grid.8752.8
2380	m_gut	grid.5612.0
2376	m_greve	grid.7450.6
2419	m_joensuu	grid.1003.2
2423	m_judson	grid.413558.e
2367	m_glatzel	grid.13648.38
2363	m_ghadimi	grid.411984.1
2429	m_kamler	grid.410718.b
2346	m_fox	grid.32224.35
2480	m_laue	grid.13652.33
2556	m_osuchowski	grid.454388.6
2524	m_meier	grid.7892.4
2221	l_szirovicza	grid.7737.4
2528	m_metz	grid.6363.0
2533	m_motro	grid.12136.37
2210	l_romanova	grid.465277.5
2203	l_reinert	grid.7048.b
2201	l_raich	grid.14095.39
2545	m_netea	grid.10417.33
2195	l_pilgram	grid.411088.4
2194	l_peeters	grid.12155.32
2193	l_pedro	grid.6936.a
2548	m_oellerich	grid.411984.1
2549	m_ohlsson	grid.411843.b
2552	m_olma	grid.14095.39
2183	l_naesens	grid.415751.3
2222	l_sørensen	grid.7048.b
2227	l_truemper	grid.411984.1
2492	m_lindenmeyer	grid.13648.38
2228	l_van schie	grid.11486.3a
2494	m_littmann	grid.6936.a
2273	m_boentert	grid.16149.3b
2270	m_bikson	grid.254250.4
2268	m_besse	grid.411984.1
2262	m_belickova	grid.419035.a
2505	m_luetgehetmann	grid.13648.38
2506	m_magyari	grid.475435.4
2254	m_anker	grid.6363.0
2245	m_akasaka	grid.136594.c
2244	m_aepfelbacher	grid.13648.38
2522	m_mckee	grid.8991.9
1979	k_hellbach	grid.5253.1
2703	m_wielpuetz	grid.5253.1
2704	m_wight-carter	grid.267313.2
1640	j_cadanet	grid.7048.b
2940	p_irrgang	grid.411668.c
2942	p_jabbour	grid.412726.4
1625	j_bousquet	grid.7429.8
1622	j_boultwood	grid.4991.5
1621	j_boger	grid.4562.5
2952	p_keown	grid.17091.3e
1615	j_bennett	grid.412750.5
1596	i_wilson	grid.214007.0
1594	i_van der mei	grid.1009.8
2974	p_lauermann	grid.411984.1
1586	i_pink	grid.10423.34
1584	i_perfecto	grid.214458.e
1582	i_pali-schoell	grid.22937.3d
1639	j_bělohlávek	grid.411798.2
2936	p_heuschmann	grid.411760.5
1571	i_maier	grid.411984.1
1646	j_cavaillon	grid.22058.3d
1703	j_hasselstrøm	grid.7048.b
1702	j_hampe	grid.4488.0
1695	j_grosskreutz	grid.275559.9
1694	j_grossberg	grid.189967.8
2901	p_baum	grid.411339.d
1687	j_geier	grid.411984.1
1684	j_freund	grid.411984.1
1680	j_frank	grid.411984.1
2905	p_brlic	grid.22939.33
2909	p_chitirala	grid.11749.3a
2910	p_christopoulos	grid.5253.1
1666	j_drozdz	grid.8267.b
2918	p_fenaux	grid.508487.6
2923	p_gawron	grid.16008.3f
2929	p_greenberg	grid.168010.e
1574	i_martin-loeches	grid.416409.e
1570	i_kotsianidis	grid.12284.3d
1975	k_haverkamp	grid.411984.1
3036	p_schulze	grid.275559.9
3043	p_steininger	grid.5330.5
3045	p_stroebel	grid.411984.1
3048	p_tan	grid.418377.e
1487	h_rohloff	grid.7450.6
3055	p_urban	grid.491957.7
1482	h_rau	grid.7450.6
1481	h_ramangason	grid.22072.35
3056	p_valent	grid.22937.3d
3057	p_van der meer	grid.4494.d
3066	p_vitek	grid.500058.8
3068	p_v’kovski	grid.438536.f
1467	h_mizuno	grid.459873.4
1460	h_lv	grid.482283.7
1507	h_sitter	grid.10253.35
1567	i_karpics	grid.475756.2
1508	h_skouri	grid.22903.3a
1565	i_huttegger	grid.413000.6
1563	i_gut	grid.5612.0
3000	p_mohm	grid.469999.2
3003	p_negret	grid.1003.2
1549	i_dunkel	grid.419538.2
1546	i_chung	grid.5253.1
3008	p_oesterlund	grid.14758.3f
1537	i_bento	grid.475756.2
3016	p_robinson	grid.1003.2
1532	h_ziauddeen	grid.5335.0
3022	p_runst	grid.411984.1
1522	h_tsurumi	grid.256342.4
1518	h_thibaut	grid.5596.f
3030	p_schirmacher	grid.5253.1
1510	h_stalder	grid.5734.5
1709	j_hepojoki	grid.7400.3
2884	o_søgaard	grid.7048.b
2752	n_ebert	grid.5734.5
2768	n_gattermann	grid.411327.2
2772	n_hanners	grid.267313.2
2776	n_hens	grid.12155.32
1869	j_smith	grid.420451.6
1865	j_silver	grid.4991.5
1864	j_signerski-krieger	grid.411984.1
1863	j_sheltzer	grid.225279.9
1862	j_settele	grid.7492.8
1853	j_schoggins	grid.267313.2
1847	j_schmidt	grid.411984.1
1842	j_schefold	grid.5734.5
1912	j_zaitseva-doyle	grid.9026.d
1714	j_higham	grid.137628.9
1920	k_amschler	grid.411984.1
2717	m_wong	grid.13648.38
1962	k_ghoreschi	grid.6363.0
2720	m_yuan	grid.214007.0
1955	k_fassbender	grid.411937.9
1953	k_fargen	grid.241167.7
2725	m_zweckstetter	grid.418140.8
1951	k_eyerich	grid.6936.a
2735	n_ben-tal	grid.12136.37
1936	k_corbett	grid.419681.3
1931	k_brockow	grid.6936.a
2744	n_callewaert	grid.11486.3a
1927	k_bolton	grid.51462.34
1924	k_bergmann	grid.6363.0
2748	n_danchin	grid.414093.b
1839	j_schaefer	grid.412282.f
1836	j_rybakowski	grid.22254.33
2807	n_novak	grid.15090.3d
1830	j_rogers	grid.39382.33
1747	j_kopicki	grid.418481.0
1743	j_kissenkoetter	grid.7450.6
2874	o_pfaar	grid.10253.35
1734	j_jansen	grid.10417.33
1731	j_isensee	grid.419514.c
1725	j_huang	grid.5254.6
1723	j_horvath	grid.421582.8
1718	j_ho	grid.32224.35
1716	j_hillert	grid.4714.6
2854	o_gokce	grid.5252.0
1803	j_nicolau	grid.11899.38
1826	j_ring	grid.6936.a
1820	j_radke	grid.484013.a
1818	j_qiu	grid.6936.a
2819	n_stallard	grid.7372.1
1805	j_orkin	grid.507636.1
1796	j_mueller	grid.410712.1
1767	j_liew	grid.34477.33
1783	j_mclellan	grid.89336.37
1781	j_mascitelli	grid.267309.9
1779	j_martens	grid.10423.34
2849	o_fedrigo	grid.134907.8
1769	j_loboda	grid.11375.31
463	b_howard	grid.189967.8
3761	t_tscharntke	grid.7450.6
481	b_lewis	grid.413469.d
3758	t_teesalu	grid.7737.4
484	b_maas	grid.10420.37
3753	t_spinetti	grid.5734.5
497	b_pieske	grid.452396.f
3748	t_smura	grid.7737.4
3746	t_skirecki	grid.414852.e
503	b_rost	grid.6936.a
510	b_schilling	grid.411760.5
515	b_schroeder	grid.7450.6
3731	t_schneider	grid.475756.2
532	b_wang	grid.168010.e
533	b_wedi	grid.10423.34
3726	t_salditt	grid.7450.6
3724	t_roedig	grid.411984.1
538	b_wilker	grid.5718.b
3717	t_raupach	grid.411984.1
3713	t_proeger	grid.411984.1
473	b_kirwan	grid.83440.3b
462	b_hoernich	grid.418215.b
742	c_schneider-gold	grid.491957.7
458	b_graham	grid.419681.3
382	a_sweid	grid.412726.4
3828	u_platzbecker	grid.9647.c
385	a_takaori-kondo	grid.258799.8
389	a_tobi	grid.10939.32
3825	u_olgemoeller	grid.7450.6
396	a_tran	grid.10423.34
3819	u_lippert	grid.411984.1
401	a_usenik	grid.11375.31
403	a_valenzuela	grid.507636.1
404	a_van de loosdrecht	grid.16872.3a
406	a_viale	grid.51462.34
3811	u_janssens	grid.459927.4
3806	u_germing	grid.411327.2
3802	u_bonnet	grid.5718.b
3797	t_zuberbier	grid.6363.0
3791	t_yoshizato	grid.258799.8
3788	t_yamazoe	grid.459873.4
3785	t_winkler	grid.5330.5
445	b_ebert	grid.413575.1
892	d_lapuente	grid.5330.5
448	b_eiz-vesper	grid.10423.34
452	b_evrard	grid.412212.6
3777	t_wengenmayer	grid.5963.9
454	b_franca	grid.9026.d
553	c_bauer	grid.411984.1
556	c_beisswenger	grid.11749.3a
558	c_berking	grid.5330.5
563	c_bierwirth	grid.411984.1
3642	t_greenhalgh	grid.4991.5
655	c_keinki	grid.275559.9
656	c_khor	grid.418377.e
3637	t_goldberg	grid.6936.a
659	c_kornblum	grid.15090.3d
681	c_maier	grid.411668.c
686	c_mauch	grid.411097.a
3609	t_churchill	grid.32224.35
693	c_mok	grid.194645.b
3601	t_birkholz	grid.411668.c
703	c_ocampo-ariza	grid.7450.6
704	c_ochsner	grid.7450.6
711	c_polprasert	grid.411628.8
718	c_rice	grid.134907.8
3586	t_amano	grid.1003.2
725	c_roos	grid.418215.b
728	c_røe	grid.5510.1
3582	s_zohar	grid.417925.c
3580	s_zeissig	grid.4488.0
733	c_sander	grid.38142.3c
3651	t_ishikawa	grid.410843.a
637	c_happle	grid.452624.3
602	c_edler	grid.13648.38
3702	t_olenyi	grid.6936.a
570	c_cargo	grid.443984.6
3698	t_mogensen	grid.7048.b
3695	t_meyer	grid.6363.0
575	c_cogliati	grid.144767.7
578	c_conzelmann	grid.410712.1
3693	t_mertke	grid.11749.3a
3691	t_mcdonagh	grid.46699.34
3674	t_lane	grid.466493.a
632	c_haney	grid.17091.3e
611	c_finelli	grid.412311.4
615	c_ganster	grid.411984.1
616	c_gautrais	grid.5596.f
3664	t_kaya	grid.6936.a
3659	t_karl	grid.6936.a
625	c_guenther	grid.475756.2
627	c_gunderstofte	grid.7048.b
3656	t_kalincik	grid.1008.9
631	c_hammer	grid.418158.1
378	a_supady	grid.5963.9
3833	u_sax	grid.411984.1
375	a_stevaert	grid.415751.3
3951	w_doehner	grid.6363.0
110	a_fire	grid.168010.e
4013	w_zuo	grid.24516.34
4003	w_wagner	grid.5253.1
4001	w_van breedam	grid.5342.0
134	a_grosskopf	grid.418215.b
3999	w_toporowski	grid.7450.6
138	a_gulbins	grid.5718.b
3997	w_sutherland	grid.5335.0
140	a_haenle	grid.466493.a
3996	w_stiller	grid.5253.1
3992	w_schulz-schaeffer	grid.11749.3a
156	a_hillebrecht	grid.411984.1
3987	w_reese-schaefer	grid.7450.6
3986	w_puppe	grid.10423.34
166	a_jablonka	grid.10423.34
3962	w_hinrichs	grid.9026.d
187	a_kaul	grid.418215.b
197	a_khan	grid.9647.c
3953	w_ewert	grid.466493.a
4028	y_bromberg	grid.430387.b
99	a_emmer	grid.461820.9
96	a_el wahed	grid.7450.6
4070	y_zhang	grid.51462.34
5	a_alawieh	grid.189967.8
16	a_ardeshirdavani	grid.5596.f
17	a_arthur	grid.267301.1
23	a_bauer	grid.412282.f
26	a_becker	grid.11749.3a
4076	z_hyde	grid.1012.2
30	a_benzing	grid.469999.2
31	a_bircher	grid.410567.1
35	a_boeck	grid.10423.34
36	a_bonifacius	grid.10423.34
47	a_brendel	grid.4488.0
4063	y_werner	grid.51462.34
52	a_buettcher	grid.411984.1
4059	y_shiozawa	grid.258799.8
61	a_chaker	grid.15474.33
64	a_chertcoff	grid.414382.8
4055	y_nannya	grid.258799.8
4054	y_moreau	grid.5596.f
67	a_christie	grid.5335.0
4053	y_miyazaki	grid.174567.6
73	a_cordes	grid.10423.34
3952	w_drake	grid.152326.1
3946	w_brueck	grid.411984.1
373	a_staines	grid.15596.3e
207	a_kitchener	grid.4305.2
3888	v_manzini	grid.411984.1
301	a_peichl	grid.5252.0
302	a_pellagatti	grid.4991.5
304	a_peter	grid.411668.c
3880	v_klimek	grid.51462.34
3872	v_gorgoulis	grid.5216.0
3867	v_fabien	grid.467607.4
3866	v_espinola	grid.1003.2
334	a_saak	grid.412282.f
335	a_saguner	grid.412004.3
338	a_salter	grid.4367.6
343	a_sarian	grid.51462.34
344	a_savastano	grid.424247.3
346	a_schafferhans	grid.4819.4
348	a_scharff	grid.10423.34
352	a_schlessinger	grid.59734.3c
354	a_schmidt	grid.419514.c
355	a_schroeder	grid.13648.38
3844	u_wilkenshoff	grid.6363.0
362	a_sesterhenn	grid.478011.b
367	a_siewert	grid.8379.5
370	a_smith	grid.5685.e
371	a_spiotta	grid.259828.c
372	a_stahmann	grid.478712.f
288	a_pandhi	grid.267301.1
3895	v_nikolova	grid.411984.1
280	a_nouri	grid.433854.d
3916	v_sintchenko	grid.1013.3
220	a_kremer	grid.411668.c
3934	v_zotzmann	grid.5963.9
3932	v_yoganathan	grid.11835.3e
233	a_lanfranchi	grid.144767.7
3923	v_team	grid.5342.0
241	a_lippi	grid.38603.3e
3917	v_srinivasan	grid.9026.d
3913	v_santini	grid.8404.8
278	a_neubauer	grid.440386.d
252	a_martin	grid.490185.1
3911	v_saini	grid.26790.3a
261	a_melms	grid.411544.1
3907	v_raeymaekers	grid.415751.3
3904	v_puelles	grid.13648.38
3900	v_persico	grid.9024.f
274	a_navarro	grid.11478.3b
3577	s_wolfe	grid.241167.7
1201	f_opazo	grid.411984.1
3485	s_rossi	grid.411482.a
3523	s_stein	grid.10423.34
3498	s_schaper	grid.411984.1
829	d_brum	grid.410543.7
827	d_brandeis	grid.7400.3
3560	s_vollmer	grid.7450.6
823	d_bogaert	grid.4305.2
887	d_krefting	grid.411984.1
3489	s_russo	grid.411984.1
3567	s_walter	grid.489540.4
867	d_hirt	grid.438536.f
780	c_tondo	grid.418230.c
838	d_culver	grid.239578.2
766	c_sunderkoetter	grid.461820.9
875	d_jonigk	grid.10423.34
786	c_trenkwalder	grid.440220.0
878	d_juan	grid.507636.1
864	d_haase	grid.411984.1
3494	s_sattui	grid.239915.5
782	c_traidl‐hoffmann	grid.419801.5
818	d_beutner	grid.411984.1
3540	s_trang	grid.7450.6
3562	s_von haehling	grid.411984.1
760	c_stephani	grid.411984.1
3474	s_quake	grid.168010.e
3473	s_priglinger	grid.5252.0
3537	s_tjoumakaris	grid.412726.4
3519	s_smola	grid.411937.9
3459	s_pfefferle	grid.13648.38
3402	s_konstantinides	grid.5802.f
2698	m_wetzke	grid.10423.34
2727	n_alagem	grid.476416.6
3910	v_rohde	grid.7450.6
3504	s_schmidt	grid.470779.a
3495	s_sauer	grid.484013.a
2728	n_alwan	grid.5491.9
2729	n_andelic	grid.5510.1
3893	v_merheb	grid.413973.b
2697	m_westhofen	grid.412301.5
3403	s_korn	grid.10388.32
2731	n_aranzamendi	grid.1002.3
2732	n_azouz	grid.24827.3b
2733	n_barrett	grid.13097.3c
3405	s_kramer	grid.418215.b
3915	v_seufert	grid.12380.38
3492	s_saake	grid.5155.4
3406	s_krautwald	grid.412468.d
3400	s_koleva	grid.63984.30
3894	v_niederberger-leppin	grid.22937.3d
2709	m_windgassen	grid.7468.d
3897	v_osburg	grid.9481.4
2721	m_zanoni	grid.410712.1
3397	s_koenig	grid.411760.5
2722	m_zawistowski	grid.214458.e
2716	m_wolf	grid.418010.c
2715	m_witzenrath	grid.6363.0
2714	m_wittig	grid.9764.c
3398	s_koester	grid.4372.2
3898	v_parma	grid.250221.6
2723	m_zeldovich	grid.411984.1
2702	m_wieckenberg	grid.491719.3
2707	m_willnat	grid.7450.6
3497	s_schaedelin	grid.6612.3
3496	s_savary	grid.507621.7
3501	s_schildmann	grid.7450.6
3905	v_raeder	grid.4488.0
2724	m_ziacchi	grid.6292.f
2719	m_wunderlich	grid.6546.1
3395	s_knauf	grid.418215.b
2690	m_waltert	grid.7450.6
2650	m_suhr	grid.411984.1
3941	w_ares	grid.240372.0
2644	m_steinert	grid.6738.a
2645	m_stevanov	grid.7450.6
3940	w_albanna	grid.6190.e
2647	m_storch	grid.411984.1
2648	m_suchomel	grid.22937.3d
2649	m_suhm	grid.7450.6
2651	m_sutthacheep	grid.412660.7
2657	m_teder-laving	grid.10939.32
2653	m_tarafdar	grid.9835.7
2654	m_tartell	grid.38142.3c
2656	m_tchamba	grid.8201.b
3938	w_abraham	grid.261331.4
3942	w_bauer	grid.411760.5
2641	m_staevska	grid.410563.5
2640	m_sprung	grid.7683.a
2639	m_spiwoks	grid.461772.1
3415	s_leist	grid.410711.2
3414	s_leal-ortiz	grid.168010.e
3950	w_dewitt	grid.34477.33
3948	w_czech	grid.412282.f
2632	m_singh	grid.5386.8
2633	m_sitte	grid.411984.1
3947	w_buhre	grid.412966.e
3413	s_lau	grid.6363.0
2635	m_solé	grid.412324.2
3944	w_brannath	grid.7704.4
3943	w_bohne	grid.411984.1
2637	m_sooriyaarachchi	grid.267198.3
2638	m_spiegel	grid.418215.b
3412	s_lang	grid.5718.b
2689	m_walker	grid.47840.3f
2681	m_viecca	grid.144767.7
3409	s_kumar	grid.203448.9
2676	m_ungan	grid.7256.6
2677	m_van der klift	grid.413711.1
2678	m_van doorn	grid.5645.2
2679	m_vasa-nicotera	grid.411088.4
2680	m_vergano	grid.415044.0
2682	m_von heesen	grid.411984.1
3487	s_routray	grid.497592.4
2683	m_voors	grid.4818.5
2736	n_benda	grid.414802.b
3407	s_kuechemann	grid.7645.0
2687	m_wagenmann	grid.14778.3d
2688	m_wagner	grid.10420.37
2673	m_tsokos	grid.7468.d
3937	w_abhayarathna	grid.267198.3
3936	w_aberer	grid.11598.34
2660	m_thiel	grid.411778.c
3488	s_rueeger	grid.452494.a
3933	v_zamora-gutierrez	grid.418275.d
3931	v_wolters	grid.13648.38
3930	v_venkataramani	grid.411984.1
3929	v_van pesch	grid.48769.34
3928	v_valencia	grid.4818.5
3410	s_kunsch	grid.411984.1
2669	m_tocci	grid.417007.5
2670	m_trenz	grid.7450.6
2671	m_tsai	grid.4991.5
3892	v_meier	grid.491719.3
3288	s_buch	grid.4488.0
2737	n_bender	grid.7497.d
2810	n_rosario	grid.20736.30
2804	n_muelleneisen	grid.10392.39
2805	n_mutters	grid.5253.1
3850	v_broto	grid.11835.3e
2806	n_nag	grid.1008.9
3509	s_schnitzler	grid.411984.1
2808	n_preising	grid.410712.1
2809	n_ritschel	grid.8664.c
3385	s_kaufmann	grid.418159.0
2817	n_schramma	grid.419514.c
2811	n_rotter	grid.411778.c
2812	n_sadovnikoff	grid.38142.3c
3849	v_belov	grid.418140.8
2814	n_scherbaum	grid.5718.b
2815	n_schmidt	grid.411984.1
3851	v_busskamp	grid.10388.32
3853	v_camponetti	grid.4708.b
3508	s_schnell	grid.8664.c
2795	n_loenker	grid.7450.6
3857	v_corman	grid.452463.2
2796	n_lwin	grid.412151.2
3856	v_chávez-medina	grid.7450.6
2798	n_majbour	grid.452146.0
2799	n_malhis	grid.17091.3e
2800	n_margetis	grid.5216.0
2801	n_marx	grid.412301.5
3388	s_khabbazzadeh	grid.7450.6
2802	n_melosh	grid.168010.e
3854	v_chopra	grid.459746.d
2803	n_mittal	grid.7450.6
2816	n_schneider	grid.8664.c
3848	v_bansal	grid.424247.3
2738	n_benning	grid.5253.1
3839	u_schmidt	grid.7450.6
3840	u_spiegl	grid.411339.d
2831	n_wanner	grid.13648.38
2832	n_watson	grid.4305.2
2833	n_weil	grid.411067.5
3515	s_sharma	grid.7450.6
2835	n_wenderoth	grid.5801.c
2837	n_wills	grid.223827.e
2840	n_yehia	grid.418376.f
2841	n_yousefian	grid.7450.6
2830	n_wang	grid.89336.37
3841	u_truyen	grid.9647.c
2829	n_wagner	grid.5330.5
2818	n_seiwert	grid.411937.9
3846	u_ziemann	grid.428620.a
2820	n_striebe	grid.7450.6
2821	n_suttorp	grid.6363.0
2822	n_sweiss	grid.185648.6
2823	n_tov	grid.415250.7
2825	n_uhlig	grid.418008.5
3845	u_zeymer	grid.488379.9
3379	s_juzenas	grid.9764.c
3843	u_wiedermann	grid.22937.3d
3842	u_weill	grid.418140.8
2827	n_von steinbuechel	grid.411984.1
2794	n_littlewood	grid.5335.0
2757	n_evangelou	grid.4563.4
3393	s_klumpp	grid.7450.6
3882	v_leta	grid.46699.34
2753	n_el-badawi	grid.484013.a
2755	n_eter	grid.16149.3b
2758	n_fagerholm	grid.1374.1
3879	v_kahlke	grid.9764.c
2762	n_frey	grid.412468.d
3394	s_klute	grid.410712.1
2750	n_de silva	grid.6190.e
3883	v_limperger	grid.412468.d
3891	v_mathivanan	grid.1005.4
2739	n_bhadelia	grid.189504.1
2740	n_bhattarai	grid.414128.a
2741	n_bhullar	grid.5801.c
2742	n_bienzeisler	grid.7450.6
3890	v_marconi	grid.7445.2
2628	m_sigal	grid.6363.0
3887	v_mamadouh	grid.7177.6
2746	n_conlon	grid.8217.c
2747	n_crosetto	grid.4714.6
3886	v_mailaender	grid.419547.a
3885	v_luyckx	grid.452286.f
3884	v_lipp	grid.411984.1
2765	n_gagelmann	grid.13648.38
2766	n_galiè	grid.6292.f
2784	n_inomata	grid.268441.d
2786	n_josipovic	grid.7450.6
2787	n_keric	grid.5802.f
2788	n_khaltaev	grid.8515.9
2789	n_kholmatova	grid.15711.33
3868	v_gallo	grid.4830.f
3390	s_klopfenstein	grid.484013.a
3389	s_killmer	grid.7708.8
3865	v_ellenrieder	grid.411984.1
3864	v_eichel	grid.5253.1
2792	n_lagopati	grid.5216.0
3863	v_eberlein	grid.418008.5
3862	v_di lazzaro	grid.9657.d
3861	v_damalanka	grid.4367.6
2783	n_huot	grid.428999.7
2767	n_gassen	grid.10388.32
2782	n_hori	grid.6214.1
3878	v_junker	grid.424699.4
2769	n_genc	grid.7450.6
3877	v_jayaraj	grid.486565.c
2771	n_goyal	grid.267301.1
2773	n_harris	grid.214458.e
2774	n_heinen	grid.5570.7
2775	n_hellings	grid.12155.32
3875	v_hoad	grid.420118.e
2778	n_herwig	grid.411984.1
2779	n_hillermann	grid.411984.1
2780	n_hoelzel	grid.5949.1
2781	n_hoertel	grid.413885.3
3507	s_schneider	grid.488379.9
2743	n_brenner	grid.7497.d
2623	m_shafi	grid.239395.7
3954	w_fan	grid.267313.2
2481	m_le	grid.267852.c
2474	m_lankeit	grid.5802.f
2478	m_larreboure	grid.16750.35
3469	s_potthoff	grid.452396.f
2479	m_laudes	grid.9764.c
2482	m_lecendreux	grid.413235.2
2490	m_linden	grid.9122.8
2483	m_lee	grid.266102.1
2484	m_lehmann	grid.6363.0
2486	m_levitt	grid.34477.33
3472	s_praharaj	grid.465547.1
2487	m_lieser	grid.424699.4
3468	s_post	grid.7450.6
4056	y_peng	grid.263906.8
2462	m_kredel	grid.411760.5
2463	m_kreinest	grid.418303.d
3444	s_ongolo	grid.7450.6
2465	m_krishna	grid.444644.2
4061	y_wang	grid.13402.34
4060	y_ugawa	grid.411582.b
2468	m_kuehnel	grid.10423.34
2470	m_kumaran	grid.415131.3
2471	m_kuzikov	grid.418010.c
4058	y_shinoda	grid.136594.c
4057	y_ruiz-blanco	grid.5718.b
2472	m_lago	grid.7708.8
2460	m_kraemer	grid.14095.39
2508	m_maier	grid.411339.d
2504	m_lubberink	grid.8993.b
4041	y_kim	grid.7490.a
4040	y_jin	grid.7450.6
2507	m_mahoney	grid.4367.6
4037	y_ghimirey	grid.486565.c
4034	y_genzel	grid.419517.f
2509	m_majumder	grid.2515.3
4049	y_liu	grid.9435.b
2511	m_makris	grid.5216.0
2512	m_manansala	grid.185648.6
4032	y_dauxais	grid.5596.f
4031	y_chock	grid.47100.32
2513	m_manchia	grid.55602.34
2502	m_lorion	grid.7450.6
4042	y_li	grid.20561.30
4043	y_lin	grid.411604.6
2491	m_lindenhofer	grid.417109.a
3439	s_o'loughlin	grid.7872.a
2493	m_lipsitch	grid.38142.3c
2495	m_loebe	grid.9647.c
2496	m_lohoefener	grid.7450.6
2497	m_loidolt	grid.419514.c
2498	m_lommatzsch	grid.413108.f
2499	m_lorenz	grid.7450.6
4044	y_lips	grid.7450.6
2500	m_loretto	grid.507516.0
2459	m_košnik	grid.412388.4
3484	s_robrecht	grid.6190.e
2421	m_jozwiak	grid.411784.f
4083	z_liu	grid.458458.0
2417	m_jawad-ul-qamar	grid.412563.7
2420	m_jones	grid.19873.34
3461	s_plontke	grid.461820.9
3453	s_peter	grid.5330.5
2424	m_jung	grid.418303.d
2425	m_jutel	grid.4495.c
4079	z_klemenc ketis	grid.8954.0
2427	m_kaase	grid.7450.6
3460	s_pfeiffer	grid.411984.1
4085	z_obradovic	grid.264727.2
4086	z_song	grid.410570.7
4094	z_xu	grid.5333.6
4092	z_wallace	grid.38142.3c
3455	s_petrovan	grid.5335.0
2404	m_hohn	grid.6546.1
2405	m_holtmann	grid.5570.7
2406	m_huelsmann	grid.411984.1
2407	m_hueppe	grid.412468.d
4090	z_vadasz	grid.6451.6
2408	m_humphreys	grid.13388.31
2411	m_idzko	grid.412004.3
4088	z_szépfalusi	grid.4795.f
2428	m_kajdi	grid.452286.f
4062	y_wen	grid.13402.34
4066	y_xue	grid.168010.e
2446	m_kleinschmidt	grid.6363.0
2447	m_klimova	grid.418140.8
4068	y_ye	grid.20561.30
4067	y_yao	grid.11749.3a
2451	m_kochanek	grid.6190.e
2452	m_kocher	grid.10420.37
2454	m_kopp	grid.411656.1
4065	y_xia	grid.20561.30
2457	m_kosiborod	grid.419820.6
3445	s_ozakbas	grid.413513.1
4064	y_wu	grid.419517.f
3467	s_popescu	grid.22448.38
3463	s_pocock	grid.8991.9
3447	s_pal	grid.4305.2
2431	m_kamm	grid.412581.b
2432	m_kelly-irving	grid.15781.3a
2434	m_kelm	grid.14778.3d
3450	s_patel	grid.24827.3b
2435	m_kernecker	grid.433014.1
4075	z_hel	grid.265892.2
2439	m_khan	grid.413120.5
2440	m_khariton	grid.168010.e
2441	m_khatiwada	grid.10863.3c
4074	z_brzoza	grid.107891.6
4073	y_zhu	grid.411984.1
2516	m_marcus	grid.7450.6
4030	y_chirango	grid.11956.3a
3978	w_paulus	grid.411984.1
3980	w_pfeiffer	grid.419346.d
3420	s_liu	grid.13648.38
2587	m_ragaller	grid.412282.f
2588	m_ramutsindela	grid.7836.a
3419	s_lisanby	grid.416868.5
2591	m_raspe	grid.7468.d
2599	m_ruehlemann	grid.9764.c
3976	w_ng	grid.482283.7
2593	m_reichardt	grid.7450.6
2594	m_reinweber	grid.420072.3
2595	m_rodnina	grid.418140.8
2596	m_rodríguez‐gonzalez	grid.414680.f
2597	m_rothenberg	grid.24827.3b
2584	m_qaim	grid.7450.6
3981	w_pfuetzner	grid.10253.35
3982	w_pickl	grid.22937.3d
3983	w_pohl	grid.22937.3d
2574	m_pletz	grid.275559.9
3989	w_ricciardi	grid.8142.f
2575	m_pluess	grid.411984.1
2576	m_pocchiari	grid.416651.1
2577	m_posch	grid.22937.3d
3988	w_reinisch	grid.22937.3d
2578	m_pressler	grid.7450.6
2579	m_preusch	grid.5253.1
2580	m_prinz	grid.5963.9
3480	s_rizzoli	grid.411984.1
3421	s_lu	grid.13648.38
3985	w_potok	grid.5801.c
2598	m_rouyer	grid.433534.6
2600	m_ruf	grid.490718.3
2517	m_mariani	grid.417007.5
2621	m_seibert	grid.11749.3a
3960	w_heim	grid.5949.1
2617	m_schuebel	grid.5252.0
3959	w_hanage	grid.38142.3c
2618	m_schulzky	grid.9764.c
2619	m_schwabenland	grid.5963.9
3958	w_guerrero	grid.170693.a
2622	m_seyfarth	grid.412581.b
2601	m_ruhleder	grid.411984.1
3516	s_siegesmund	grid.7450.6
2625	m_shalaby	grid.7776.1
3956	w_gruissem	grid.5801.c
2626	m_shankar-hari	grid.13097.3c
3417	s_lemmen	grid.412301.5
3482	s_robine	grid.4444.0
2612	m_schnabel	grid.491618.3
3974	w_morgan	grid.5335.0
2604	m_santel	grid.5801.c
3971	w_lieb	grid.9764.c
2606	m_schaefer	grid.461714.1
3970	w_lehmann	grid.411984.1
3969	w_kunz	grid.266685.9
3967	w_kuepker	grid.506801.a
3966	w_kruis	grid.6190.e
3965	w_huf	grid.487248.5
3964	w_hosemann	grid.412469.c
2611	m_schmid	grid.507576.6
3963	w_hoetzenecker	grid.473675.4
2573	m_pfingsten	grid.411984.1
3990	w_rodgers	grid.4827.9
3991	w_schuh	grid.5330.5
4011	w_wuyts	grid.410569.f
4016	x_hu	grid.424699.4
2529	m_meyer	grid.410718.b
4015	x_fu	grid.7450.6
2532	m_mokin	grid.170693.a
4012	w_zhou	grid.12981.33
4010	w_wu	grid.419093.6
2570	m_petzold	grid.5253.1
4009	w_windisch	grid.412581.b
2539	m_mueller-trutwin	grid.428999.7
2540	m_murad	grid.66875.3a
2541	m_muzoora	grid.484013.a
4008	w_wiersinga	grid.7177.6
2527	m_metra	grid.7637.5
2526	m_mendes	grid.419432.9
4017	x_li	grid.411527.4
4029	y_brueggemann	grid.5570.7
3476	s_ranasinghe	grid.267198.3
4027	x_zhang	grid.59053.3a
2518	m_marschall	grid.5330.5
2519	m_marschollek	grid.10423.34
4026	x_yu	grid.7450.6
2521	m_mcdougal	grid.267313.2
4024	x_wu	grid.20561.30
3436	s_mueller-schmucker	grid.5330.5
2523	m_mehra	grid.62560.37
4020	x_liu	grid.28056.39
2525	m_meisel	grid.488779.d
4007	w_weisser	grid.6936.a
2543	m_neizel-wittke	grid.473749.a
2559	m_palta	grid.261572.5
2560	m_palumbo	grid.411984.1
2561	m_park	grid.27755.32
3425	s_maruf	grid.414142.6
2564	m_paul	grid.419524.f
3424	s_manu	grid.417634.3
3995	w_stenzel	grid.7468.d
2567	m_peeck	grid.16149.3b
3993	w_staab	grid.411984.1
3479	s_rieken	grid.411984.1
3478	s_reicher	grid.11914.3c
2558	m_packer	grid.411588.1
4006	w_weiger	grid.7450.6
2557	m_otto	grid.411778.c
2547	m_noc	grid.29524.38
4004	w_wehrmann	grid.4567.0
4002	w_von schoenfels	grid.9764.c
3477	s_reichardt	grid.411984.1
2550	m_ollert	grid.10825.3e
3430	s_mihm	grid.411984.1
2554	m_oppert	grid.419816.3
2555	m_osterhoff	grid.7450.6
3998	w_tan	grid.28056.39
3429	s_michie	grid.83440.3b
2842	n_zahirudin	grid.440435.2
2848	o_faye	grid.418508.0
3559	s_volkenstein	grid.5570.7
3658	t_karamitros	grid.418497.7
3558	s_voigt	grid.7450.6
3136	r_hagen	grid.411760.5
3137	r_hall	grid.168010.e
3317	s_demir	grid.9601.e
3132	r_grabner	grid.5110.5
3142	r_hoehl	grid.419835.2
3316	s_del giacco	grid.7692.a
3653	t_jaki	grid.9835.7
3143	r_holm	grid.11702.35
3145	r_hunter	grid.4827.9
3146	r_ilmoniemi	grid.5373.2
3318	s_desch	grid.9647.c
3660	t_karlsen	grid.5510.1
3119	r_eils	grid.7700.0
3554	s_verma	grid.17063.33
3668	t_kohnen	grid.7839.5
3666	t_keil	grid.8379.5
3122	r_fliegert	grid.13648.38
3322	s_dimopoulos	grid.10392.39
3125	r_fox	grid.239578.2
3126	r_galbusera	grid.410567.1
3128	r_gerasimaitė	grid.418140.8
3320	s_dickel	grid.411984.1
3556	s_vinker	grid.12136.37
3147	r_junker	grid.412468.d
3315	s_dazert	grid.5570.7
3149	r_khoramnia	grid.470019.b
3640	t_graessle	grid.419518.0
3165	r_mostard	grid.416905.f
3166	r_mothes	grid.6363.0
3312	s_cortese	grid.4563.4
3641	t_graff	grid.38142.3c
3170	r_nagrani	grid.418465.a
3150	r_koch	grid.411984.1
3638	t_goslar	grid.29524.38
3561	s_von cramon-taubadel	grid.7450.6
3177	r_nielsen	grid.27530.33
3643	t_grunwald	grid.418008.5
3644	t_hajek	grid.55602.34
3645	t_hawellek	grid.411984.1
3646	t_heller	grid.275559.9
3151	r_korri	grid.5252.0
3314	s_dacic	grid.412689.0
3152	r_lambertz	grid.7490.a
3153	r_lochbaum	grid.6582.9
3154	r_lorusso	grid.412966.e
3649	t_hoffmann	grid.410712.1
3648	t_herrler	grid.469896.c
3158	r_mathews	grid.7450.6
3159	r_meshkova	grid.446122.7
3160	r_middleton	grid.4827.9
3161	r_mirzazadeh	grid.4714.6
3162	r_mlynski	grid.413108.f
3669	t_krey	grid.10423.34
3328	s_erdemci-evin	grid.410712.1
3331	s_eyerich	grid.4567.0
3330	s_erichsen	grid.469896.c
3090	r_beale	grid.451388.3
3549	s_turville	grid.1005.4
3092	r_bischoff	grid.411984.1
3098	r_busse	grid.6734.6
3327	s_elezkurtaj	grid.7468.d
3325	s_eisenmann	grid.461820.9
3692	t_meister	grid.5570.7
3096	r_buhl	grid.10388.32
3699	t_mueller	grid.440250.7
3700	t_muetze	grid.419481.1
3086	r_balling	grid.16008.3f
3085	r_arnaout	grid.415310.2
3547	s_tuetuencue	grid.14095.39
3076	p_xepapadaki	grid.5216.0
3077	q_zhang	grid.20561.30
3078	r_agondi	grid.11899.38
3334	s_felix	grid.5603.0
3079	r_ahuja	grid.7450.6
3080	r_al-roughani	grid.21200.31
3081	r_albert	grid.430503.1
3703	t_ouarrak	grid.488379.9
3082	r_almansa	grid.413448.e
3701	t_nisansala	grid.267198.3
3097	r_burgess	grid.83440.3b
3677	t_lenarz	grid.10423.34
3683	t_marques-bonet	grid.425902.8
3681	t_lucas	grid.4991.5
3680	t_longerich	grid.5253.1
3679	t_lindsay	grid.4305.2
3678	t_leslie	grid.426108.9
3552	s_van der oord	grid.7177.6
3115	r_dittmann	grid.413757.3
3100	r_cacciola	grid.6530.0
3116	r_dobson	grid.4868.2
3676	t_lembcke	grid.7450.6
3553	s_verberne	grid.5132.5
3675	t_laubert	grid.4562.5
3323	s_dolles	grid.5330.5
3672	t_kuhlmann	grid.16149.3b
3112	r_desrosiers	grid.26790.3a
3111	r_datta	grid.411097.a
3110	r_dasnair	grid.4563.4
3550	s_valle	grid.8536.8
3101	r_campos	grid.8399.b
3102	r_chen	grid.17063.33
3103	r_chowdhury	grid.414142.6
3104	r_christenson	grid.411024.2
3689	t_marques‐bonet	grid.7080.f
3106	r_chua	grid.7468.d
3108	r_criado	grid.419034.b
3109	r_crowley	grid.262743.6
3179	r_novak	grid.185648.6
3591	t_baumgartl	grid.6546.1
3568	s_warren	grid.479464.c
3594	t_becker	grid.9764.c
3248	s_alt-epping	grid.7450.6
3249	s_altrichter	grid.6363.0
3590	t_bauer	grid.491887.b
3296	s_chan	grid.420545.2
3298	s_chavanich	grid.7922.e
3589	t_banaschewski	grid.413757.3
3588	t_aschman	grid.6363.0
3587	t_ankermann	grid.412468.d
3595	t_bender	grid.411984.1
3596	t_berger	grid.7450.6
3597	t_bieber	grid.11598.34
3602	t_bissinger	grid.419517.f
3237	r_wilson	grid.18886.3f
3238	r_wirth	grid.411091.c
3300	s_chen	grid.458449.0
3240	r_woelfel	grid.414796.9
3241	r_yang	grid.6214.1
3242	r_zenni	grid.411269.9
3244	s_ahmad	grid.24827.3b
3245	s_ahyai	grid.411984.1
3246	s_akter	grid.4280.e
3247	s_al-nawaiseh	grid.16149.3b
2403	m_hofmann	grid.7708.8
3569	s_webb	grid.416387.f
3583	t_acker	grid.8664.c
3236	r_williamson	grid.417046.0
3575	s_williamson	grid.9835.7
3576	s_woehrl	grid.476971.a
3274	s_bemme	grid.7450.6
3275	s_benhachmi	grid.47100.32
3276	s_bertolino	grid.7605.4
3277	s_bestmann	grid.450002.3
3279	s_birndt	grid.275559.9
3289	s_burchert	grid.411067.5
3295	s_carugo	grid.415093.a
3573	s_whelan	grid.4367.6
3282	s_bruenink	grid.484013.a
3285	s_brunak	grid.5254.6
3286	s_brunke	grid.418398.f
3572	s_weis	grid.9613.d
3578	s_yakubenko	grid.7450.6
3270	s_bavbek	grid.7256.6
3581	s_zierz	grid.461820.9
3259	s_appleyard	grid.1012.2
3260	s_ashworth	grid.417895.6
3261	s_athey	grid.168010.e
3294	s_campanella	grid.4989.c
3263	s_balachandran	grid.249335.a
3264	s_baldus	grid.411097.a
3265	s_ballout	grid.10423.34
3570	s_weigang	grid.5963.9
3266	s_banerjee	grid.216499.1
3267	s_banhart	grid.13652.33
3268	s_bankamp	grid.7450.6
3269	s_baumanns	grid.500048.9
3291	s_busch	grid.419808.c
3603	t_blank	grid.5963.9
3235	r_west	grid.83440.3b
3622	t_felbinger	grid.419595.5
3197	r_roller-wirnsberger	grid.11598.34
3198	r_rossaint	grid.412301.5
3625	t_fricke	grid.7450.6
3623	t_frese	grid.9018.0
3201	r_schaback	grid.411984.1
3203	r_schubert	grid.434729.f
3305	s_ciesek	grid.418010.c
3204	r_sciagrà	grid.8404.8
3621	t_fehr	grid.452286.f
3620	t_esko	grid.10939.32
3206	r_shattock	grid.7445.2
3196	r_roetter	grid.7450.6
3195	r_rockett	grid.1013.3
3194	r_rocha	grid.9983.b
3636	t_gewering	grid.419494.5
3184	r_peceny	grid.415033.0
3635	t_gerber	grid.419518.0
3634	t_gallagher	grid.164971.c
3186	r_poyraz	grid.484013.a
3630	t_frischer	grid.417109.a
3188	r_primack	grid.189504.1
3189	r_pryss	grid.411760.5
3190	r_rahmanzadeh	grid.410567.1
3207	r_silva	grid.411195.9
3208	r_slart	grid.4494.d
3234	r_werner	grid.13648.38
3228	r_wachter	grid.411339.d
3223	r_verzicco	grid.466750.6
3565	s_vozykova	grid.35915.3b
3226	r_vieira	grid.411195.9
3227	r_viswanath	grid.7450.6
3616	t_efferth	grid.5802.f
3231	r_wagner	grid.7727.5
3232	r_walensky	grid.32224.35
3607	t_burnett	grid.9835.7
3605	t_brenner	grid.5253.1
3604	t_boettler	grid.7708.8
3608	t_chacón-quesada	grid.7450.6
3303	s_chilla	grid.13648.38
3222	r_veltkamp	grid.476313.4
3210	r_smith	grid.5335.0
3211	r_soto	grid.427918.1
3615	t_dutta	grid.7450.6
3213	r_strametz	grid.449475.f
3214	r_thimme	grid.7708.8
3215	r_treudler	grid.411339.d
3217	r_truog	grid.2515.3
3218	r_uddin	grid.414142.6
3304	s_chowdry	grid.240372.0
3219	r_valenta	grid.22937.3d
3611	t_correia	grid.10772.33
3610	t_colbourn	grid.83440.3b
3709	t_plieninger	grid.5155.4
3335	s_ferrucci	grid.414818.0
2913	p_criado	grid.419034.b
2906	p_bronsert	grid.5963.9
2907	p_brunner	grid.22937.3d
2908	p_busse	grid.416167.3
3790	t_yeemin	grid.486565.c
2911	p_clemmensen	grid.13648.38
3528	s_strobbe	grid.5342.0
2914	p_das	grid.203448.9
3784	t_wiech	grid.13648.38
2916	p_dietrich	grid.7492.8
3787	t_wolff	grid.13652.33
2917	p_doldi	grid.5252.0
3786	t_witt	grid.7450.6
3529	s_takahagi	grid.257022.0
2920	p_fitzgerald	grid.1002.3
3527	s_strieth	grid.15090.3d
3792	t_yuan	grid.16821.3c
3794	t_zahnert	grid.412282.f
3804	u_costabel	grid.5718.b
3803	u_bornscheuer	grid.5603.0
3361	s_hansen	grid.7450.6
3801	u_biermann	grid.5560.6
2897	p_asfar	grid.411147.6
2898	p_asherson	grid.13097.3c
2899	p_baranov	grid.418853.3
3800	u_bacher	grid.5734.5
2902	p_benkert	grid.6612.3
3360	s_hammerschmidt	grid.10423.34
3796	t_zheng	grid.4714.6
2921	p_galanos	grid.417390.8
2922	p_gastmeier	grid.6363.0
3805	u_darsow	grid.6936.a
3534	s_thun	grid.440943.e
3355	s_hadzibegovic	grid.484013.a
2939	p_hotulainen	grid.452540.2
3533	s_thomsen	grid.411702.1
3775	t_welte	grid.10423.34
2943	p_jenner	grid.13097.3c
3774	t_welk	grid.490718.3
3773	t_weiss	grid.469896.c
3783	t_wicke	grid.440220.0
2944	p_joseph	grid.420085.b
2946	p_kan	grid.39382.33
2947	p_kanzow	grid.411984.1
3772	t_weil	grid.410712.1
2948	p_karki	grid.414128.a
2949	p_karmakar	grid.4367.6
3532	s_tauber	grid.1957.a
2938	p_hoffknecht	grid.415033.0
2924	p_georgoulias	grid.411299.6
2925	p_ghobadi-azbari	grid.412501.3
2926	p_ghosh	grid.414142.6
2927	p_gocke	grid.6363.0
2928	p_godara	grid.419514.c
3530	s_tan	grid.13402.34
2930	p_gretenkort	grid.506258.c
2931	p_gribbon	grid.418010.c
2932	p_grosse	grid.452286.f
3531	s_tao	grid.267625.2
2934	p_herrmann	grid.411984.1
2935	p_hessmann	grid.411984.1
2892	p_ambrosch	grid.412468.d
3372	s_joergens	grid.497524.9
2860	o_hassan	grid.7468.d
2861	o_ivanova	grid.452463.2
2863	o_kolditz	grid.7492.8
2864	o_landt	grid.508234.8
2865	o_micke	grid.415033.0
3830	u_radunski	grid.492119.6
3829	u_rabe	grid.4562.5
2873	o_pedersen	grid.416369.f
3371	s_joebges	grid.7400.3
3370	s_jaber	grid.414352.5
2868	o_naret	grid.419765.8
3827	u_pape	grid.7450.6
2870	o_palomares	grid.239395.7
2858	o_guntinas-lichius	grid.275559.9
3831	u_rashid	grid.414142.6
2844	n_ziaie	grid.411495.c
2845	o_bader	grid.411984.1
2846	o_danov	grid.418009.4
2847	o_el‐agnaf	grid.452146.0
3374	s_johnsen	grid.66875.3a
3520	s_spethmann	grid.473452.3
2851	o_fiala	grid.451312.0
3373	s_john	grid.419835.2
3832	u_reichl	grid.419517.f
2855	o_gonschorek	grid.469896.c
2872	o_pearson	grid.419728.1
3362	s_herminghaus	grid.419514.c
3812	u_kunzendorf	grid.412468.d
3364	s_hippenstiel	grid.6363.0
3525	s_stilgenbauer	grid.11749.3a
2882	o_spranger	grid.11598.34
2885	o_talibov	grid.446083.d
2887	o_tsang	grid.415229.9
3363	s_hess	grid.7450.6
3810	u_holzgrabe	grid.8379.5
3808	u_goehring	grid.467607.4
3807	u_gieler	grid.473703.4
2891	p_abel	grid.5603.0
3524	s_stenger	grid.410712.1
3366	s_huber	grid.13648.38
2881	o_schweiger	grid.7492.8
3817	u_laufs	grid.411339.d
2876	o_rienhoff	grid.411984.1
2877	o_scherf-clavel	grid.8379.5
3369	s_hughes	grid.412915.a
2878	o_schlenczek	grid.419514.c
2879	o_schnaack	grid.34477.33
3521	s_spinelli	grid.8404.8
3522	s_stefanow	grid.419833.4
3823	u_nowak-goettl	grid.412468.d
3822	u_merle	grid.5253.1
3821	u_loderstaedt	grid.411984.1
3368	s_huelsmann	grid.7450.6
3818	u_liebert	grid.411339.d
2950	p_kauppi	grid.7763.5
3712	t_pozzi	grid.4708.b
3734	t_schrage	grid.13648.38
3031	p_schmid-grendelmeier	grid.412004.3
3032	p_schreiner	grid.8664.c
3033	p_schu	grid.411984.1
3738	t_schulze	grid.411023.5
3343	s_garnerone	grid.4714.6
3035	p_schuler	grid.410712.1
3729	t_schiergens	grid.5252.0
3733	t_scholz	grid.425396.f
3037	p_seferovic	grid.419269.1
3038	p_spagnolo	grid.5608.b
3041	p_steiger	grid.412004.3
3543	s_treue	grid.7450.6
3029	p_scepanovic	grid.417570.0
3028	p_sati	grid.50956.3f
3744	t_seidler	grid.411984.1
3018	p_roessy	grid.419514.c
3019	p_rothlauf	grid.38142.3c
3021	p_rottoli	grid.9024.f
3023	p_saliou	grid.6289.5
3024	p_santosh	grid.13097.3c
3025	p_santus	grid.144767.7
3344	s_gattarello	grid.411984.1
3730	t_schmidt	grid.411984.1
3728	t_savini	grid.486565.c
3745	t_seifert	grid.411984.1
3546	s_tsukagoshi	grid.451233.2
3061	p_viale	grid.418230.c
3065	p_villa	grid.144767.7
3718	t_rein	grid.419548.5
3067	p_vollenweider	grid.9851.5
3716	t_rauen	grid.1957.a
3044	p_stinissen	grid.12155.32
3715	t_rassaf	grid.410718.b
3714	t_pérez	grid.7763.5
3070	p_walson	grid.411984.1
3071	p_walter	grid.412301.5
3072	p_waryszak	grid.1021.2
3073	p_welker	grid.411778.c
3336	s_flemming	grid.411760.5
3059	p_vermersch	grid.503422.2
3341	s_friedrich	grid.411984.1
3046	p_strohm	grid.419802.6
3047	p_take	grid.7450.6
3340	s_franken	grid.509540.d
3339	s_forkel	grid.411984.1
3051	p_teti	grid.459983.a
3725	t_rovis	grid.22939.33
3052	p_tomazic	grid.11598.34
3544	s_trost	grid.411984.1
3545	s_tsogoeva	grid.5330.5
3723	t_rizos	grid.7700.0
3722	t_riebeling	grid.412468.d
3014	p_rascle	grid.508487.6
2951	p_kellam	grid.7445.2
2975	p_lauten	grid.470036.6
2971	p_lang	grid.411327.2
3764	t_von landesberger	grid.10493.3f
2972	p_langerbeins	grid.411097.a
3763	t_volk	grid.11749.3a
3762	t_van der poll	grid.7177.6
3538	s_torke	grid.411984.1
2982	p_maes	grid.415751.3
3760	t_tokuda	grid.272458.e
2978	p_li	grid.263906.8
3759	t_tirilomis	grid.7450.6
2979	p_lopez-pena	grid.47100.32
3539	s_torkieh	grid.411984.1
2980	p_lu	grid.410567.1
2967	p_ktitorov	grid.493323.c
3766	t_walseth	grid.17635.36
3767	t_wanger	grid.494629.4
3771	t_wedel	grid.9764.c
2953	p_kimani	grid.7372.1
2954	p_kirchhof	grid.412563.7
3770	t_weber	grid.5253.1
2957	p_klein	grid.7450.6
3769	t_waterboer	grid.7497.d
2960	p_knaff	grid.419547.a
2961	p_knaup	grid.5253.1
2962	p_kobbe	grid.412301.5
2963	p_koch	grid.13648.38
2964	p_koertvélyessy	grid.424247.3
3351	s_guenaydın	grid.14442.37
3346	s_gerdemann	grid.7450.6
3750	t_spangenberg	grid.491928.f
2999	p_meier	grid.18886.3f
3348	s_graf	grid.470779.a
3001	p_mozgunov	grid.9835.7
3347	s_gomez-paz	grid.239395.7
3002	p_mukherjee	grid.216499.1
3749	t_sosenko	grid.185648.6
3004	p_neumann-staubitz	grid.411984.1
3005	p_nicol	grid.5600.3
3747	t_smith	grid.258518.3
3006	p_nordbeck	grid.411760.5
3007	p_o'connor	grid.7872.a
3009	p_paudel	grid.486565.c
3010	p_petersen	grid.492781.1
3011	p_plinkert	grid.5253.1
2997	p_mckay	grid.7445.2
2996	p_mayr	grid.7450.6
2994	p_matricardi	grid.7400.3
2984	p_maggi	grid.48769.34
2985	p_maleh	grid.411495.c
2986	p_marangolo	grid.417778.a
3350	s_greuel	grid.6363.0
2988	p_marichal-gallardo	grid.419517.f
3349	s_graham	grid.1007.6
3755	t_strowitzki	grid.5253.1
2989	p_marques-vidal	grid.9851.5
2990	p_marschik	grid.11598.34
3754	t_steinmetz	grid.5330.5
2992	p_martin	grid.5335.0
2933	p_hermann	grid.411984.1
0	a_abd el wahed	grid.7450.6
2397	m_hirschenberger	grid.410712.1
816	d_agostini	grid.411149.8
791	c_udry	grid.16753.36
793	c_vernot	grid.47100.32
794	c_vestergaard	grid.154185.c
799	c_vogelmeier	grid.10253.35
800	c_von der brelie	grid.7450.6
801	c_von rhein	grid.425396.f
802	c_wangen	grid.5330.5
803	c_wenham	grid.13063.37
804	c_werlein	grid.10423.34
806	c_wiesemann	grid.411984.1
807	c_wolff-menzler	grid.411984.1
808	c_woon	grid.4280.e
809	c_wyborn	grid.253613.0
811	c_yates	grid.7340.0
812	c_zampetidis	grid.5216.0
813	c_zhang	grid.418873.1
814	c_ziener	grid.5253.1
787	c_tsagogiorgas	grid.411778.c
767	c_swanton	grid.83440.3b
753	c_soutullo	grid.267308.8
754	c_spies	grid.6363.0
757	c_stagg	grid.4991.5
759	c_stallings	grid.4367.6
762	c_stiller	grid.8379.5
763	c_strine	grid.486565.c
765	c_struewind	grid.469896.c
768	c_taube	grid.477805.9
769	c_thilo	grid.419801.5
770	c_thomas	grid.16149.3b
773	c_thompson	grid.4367.6
774	c_thorball	grid.5333.6
776	c_tiefenbacher	grid.488381.e
777	c_timaeus	grid.411984.1
817	d_archambault	grid.4827.9
751	c_skurk	grid.6363.0
819	d_bista	grid.1003.2
854	d_fabbricatore	grid.412725.7
855	d_fatykhova	grid.6363.0
856	d_firinu	grid.412282.f
857	d_fomina	grid.448878.f
858	d_ford	grid.4827.9
859	d_gilbert	grid.24827.3b
861	d_grenache	grid.266832.b
862	d_guo	grid.419093.6
865	d_heise	grid.7450.6
866	d_hickey	grid.419514.c
869	d_horst	grid.6363.0
871	d_irving	grid.117476.2
873	d_israel-biet	grid.508487.6
874	d_janz	grid.7450.6
879	d_kalra	grid.5342.0
880	d_karlan	grid.16753.36
882	d_karner	grid.22939.33
883	d_kiefl	grid.419837.0
853	d_ellinghaus	grid.9764.c
851	d_egger	grid.47840.3f
835	d_coghill	grid.1008.9
821	d_blumberger	grid.155956.b
828	d_brown	grid.452919.2
832	d_chung	grid.266102.1
833	d_clevert	grid.411095.8
839	d_czesnik	grid.411984.1
841	d_daley	grid.4563.4
842	d_damjanovic	grid.418466.9
843	d_damm	grid.411668.c
845	d_darley	grid.1005.4
849	d_dwyer	grid.1013.3
752	c_smith	grid.4305.2
750	c_sieber	grid.5330.5
885	d_krasowska	grid.411484.c
676	c_loo	grid.1005.4
645	c_heyde	grid.411339.d
647	c_hollis	grid.4563.4
649	c_holmstedt	grid.259828.c
650	c_jensen	grid.462046.2
652	c_jung	grid.14778.3d
653	c_jungquist	grid.273335.3
654	c_katelaris	grid.460708.d
658	c_knop	grid.419842.2
660	c_krantz-schaefers	grid.411984.1
661	c_kremen	grid.17091.3e
662	c_kugler	grid.6936.a
663	c_kunz	grid.420061.1
664	c_kunze	grid.14095.39
666	c_kutzner	grid.418140.8
667	c_lam	grid.4494.d
669	c_lamm	grid.10420.37
670	c_lang	grid.412004.3
672	c_lavalle	grid.417007.5
673	c_lex	grid.411984.1
644	c_herren	grid.412301.5
643	c_herr	grid.411937.9
621	c_granziera	grid.410567.1
608	c_feiler	grid.466493.a
609	c_feschotte	grid.5386.8
610	c_fiessler	grid.8379.5
612	c_flueh	grid.412468.d
613	c_friis	grid.5254.6
617	c_gerlinger	grid.420044.6
618	c_gerloff	grid.13648.38
619	c_gobbi	grid.415093.a
641	c_herden	grid.8664.c
623	c_grattan	grid.420545.2
624	c_grimm	grid.411984.1
626	c_guillet	grid.412004.3
628	c_guérin	grid.25697.3f
629	c_hamm	grid.411067.5
633	c_hanlon	grid.241167.7
638	c_hartog	grid.491865.7
640	c_hasan	grid.411984.1
675	c_liu	grid.464353.3
677	c_louapre	grid.462844.8
678	c_loureiro	grid.5801.c
715	c_quentin	grid.418140.8
716	c_regenbrecht	grid.411984.1
717	c_reimer	grid.7450.6
719	c_rischpler	grid.410718.b
723	c_rodríguez	grid.5254.6
726	c_rudack	grid.16149.3b
727	c_ruff	grid.7400.3
730	c_sadykova	grid.444233.6
732	c_sanchez-alvarez	grid.66875.3a
736	c_schill	grid.10548.38
738	c_schirmer	grid.280776.c
739	c_schlapbach	grid.150338.c
740	c_schmidt	grid.434729.f
741	c_schmidt-lauber	grid.13648.38
744	c_schwab	grid.5253.1
745	c_sehl	grid.5718.b
746	c_sekercioglu	grid.15876.3d
714	c_putensen	grid.15090.3d
713	c_prelli bozzo	grid.410712.1
710	c_pietsch	grid.411339.d
679	c_maedel	grid.417109.a
680	c_mai	grid.5330.5
683	c_malsch	grid.8379.5
684	c_matouk	grid.47100.32
685	c_matthias	grid.410607.4
687	c_meier	grid.9026.d
688	c_meisel	grid.6363.0
689	c_michaelis	grid.7450.6
690	c_miniussi	grid.11696.39
691	c_moerke	grid.412468.d
695	c_mucignat-caretta	grid.5608.b
709	c_petitdemange	grid.428999.7
697	c_nappi	grid.4691.a
698	c_neumann-haefelin	grid.7708.8
699	c_ng	grid.6214.1
700	c_nielsen	grid.7048.b
701	c_niemann	grid.475435.4
702	c_németh	grid.9764.c
705	c_ogilvy	grid.239395.7
706	c_oldfield	grid.224260.0
707	c_pagel	grid.83440.3b
708	c_parisi	grid.414775.4
884	d_kleijn	grid.4818.5
2394	m_hernández-morcillo	grid.461663.0
1120	e_yuecel	grid.9601.e
1086	e_sanchez-garcia	grid.5718.b
1087	e_santarnecchi	grid.239395.7
1092	e_schumann	grid.6363.0
1093	e_serra‐baldrich	grid.413396.a
1095	e_simonoff	grid.13097.3c
1098	e_sonuga-barke	grid.13097.3c
1101	e_stegmann	grid.10392.39
1103	e_sterling	grid.241963.b
1106	e_tallantyre	grid.241103.5
1108	e_tausch	grid.6582.9
1109	e_taylor	grid.13097.3c
1110	e_tute	grid.10423.34
1111	e_tyler	grid.5335.0
1113	e_valesky	grid.411088.4
1114	e_wassermann	grid.416870.c
1115	e_wehrse	grid.7497.d
1117	e_wong	grid.440435.2
1085	e_samatova	grid.418140.8
1084	e_roth	grid.5330.5
1082	e_richel	grid.5330.5
1067	e_miguel	grid.47840.3f
1051	e_kaczmarek	grid.412970.9
1052	e_knol	grid.7872.a
1053	e_kocatuerk	grid.15876.3d
1054	e_konofal	grid.413235.2
1055	e_krupitsky	grid.412460.5
1059	e_lang	grid.440220.0
1060	e_lazaridou	grid.4793.9
1063	e_maerker-hermann	grid.491861.3
1064	e_matthies	grid.461644.5
1068	e_mossialos	grid.13063.37
1069	e_nakamura-palacios	grid.412371.2
1070	e_ness-jensen	grid.414625.0
1074	e_nourani	grid.507516.0
1076	e_palitot	grid.488480.8
1078	e_petelos	grid.8127.c
1079	e_recchi	grid.15711.33
1119	e_yilmaz	grid.411984.1
1121	f_aprilinayati	grid.443388.0
1159	f_hodel	grid.419765.8
1162	f_hossain	grid.414142.6
1163	f_hufert	grid.11348.3f
1165	f_jochheim	grid.418140.8
1166	f_kabinger	grid.418140.8
1168	f_klawonn	grid.7490.a
1169	f_klinker	grid.411984.1
1171	f_koenig	grid.22937.3d
1172	f_kommoss	grid.5253.1
1173	f_koua	grid.466493.a
1174	f_krammer	grid.59734.3c
1175	f_la rosa	grid.433220.4
1182	f_lee	grid.413973.b
1183	f_leendertz	grid.13652.33
1154	f_hentges	grid.410718.b
1153	f_heinrich	grid.13648.38
1152	f_he	grid.263906.8
1137	f_degenhardt	grid.9764.c
1124	f_bichi	grid.4708.b
1125	f_bonella	grid.5718.b
1128	f_bretz	grid.22937.3d
1132	f_brunkhorst	grid.275559.9
1135	f_cossais	grid.9764.c
1136	f_declerck	grid.475046.4
1138	f_denker	grid.411984.1
1139	f_diba	grid.440768.9
1140	f_dorigotti	grid.467607.4
1142	f_fedele	grid.7841.a
1143	f_froese	grid.7450.6
1144	f_genovese	grid.250221.6
1145	f_gervasoni	grid.144767.7
1146	f_goetzinger	grid.417109.a
1147	f_gu	grid.13648.38
1149	f_hahn	grid.5330.5
1150	f_hamdan	grid.66875.3a
1041	e_hoxha	grid.13648.38
889	d_krnavek	grid.410712.1
965	d_van veldhuisen	grid.4494.d
929	d_radovanovic	grid.144767.7
930	d_raimondi	grid.5596.f
932	d_reich	grid.21107.35
934	d_reinhold	grid.5807.a
935	d_richards	grid.498672.6
936	d_riedel	grid.418140.8
937	d_rimmele	grid.13648.38
938	d_rog	grid.412346.6
939	d_ruester	grid.9647.c
940	d_schetelig	grid.13648.38
942	d_schlueter	grid.10423.34
943	d_schunk	grid.412468.d
944	d_schwab	grid.7450.6
945	d_sedding	grid.461820.9
946	d_seeger	grid.411984.1
948	d_sridhar	grid.4305.2
950	d_svanidze	grid.7450.6
953	d_thal	grid.410569.f
956	d_tolks	grid.10211.33
928	d_pwee	grid.266100.3
927	d_pilli	grid.413973.b
926	d_peterhoff	grid.7727.5
904	d_matzat	grid.5252.0
890	d_kruck	grid.5718.b
893	d_leppert	grid.6612.3
894	d_lin	grid.1003.2
895	d_lodygin	grid.411984.1
896	d_lohse	grid.419514.c
900	d_louvard	grid.4444.0
901	d_lunz	grid.411941.8
902	d_mackenzie	grid.34424.35
903	d_marz	grid.7450.6
906	d_merkler	grid.150338.c
925	d_pefani	grid.11047.33
907	d_michalski	grid.9647.c
908	d_mielenz	grid.5330.5
909	d_milicic	grid.412688.1
911	d_mueller	grid.488877.c
912	d_muth	grid.6363.0
913	d_nabavi	grid.433867.d
915	d_niebauer	grid.7450.6
916	d_noerz	grid.13648.38
921	d_parkerson	grid.479464.c
924	d_payen	grid.508487.6
962	d_van der straeten	grid.5342.0
1040	e_howe	grid.55325.34
967	d_veldhuisen	grid.4494.d
1006	e_craig	grid.4827.9
1007	e_dahlke	grid.9764.c
1009	e_delamónica	grid.420318.c
1010	e_deutschmann	grid.15711.33
1012	e_duscio	grid.7450.6
1015	e_faraggi	grid.261331.4
1017	e_foerster-waldl	grid.22937.3d
1018	e_franceschi	grid.144767.7
1020	e_gabriel	grid.14778.3d
1024	e_gloeckner	grid.419835.2
1025	e_gottschalk	grid.7450.6
1028	e_gruener	grid.411668.c
1032	e_gusmao	grid.411984.1
1033	e_hamelmann	grid.22937.3d
1038	e_hodcroft	grid.6612.3
1005	e_comert‐ozer	grid.16477.33
1004	e_collins	grid.479464.c
1003	e_chavarría	grid.7450.6
982	d_zilles‐wegner	grid.411984.1
968	d_vitale	grid.452919.2
970	d_wachsmuth	grid.14709.3b
971	d_wang	grid.452702.6
972	d_watson	grid.264601.7
973	d_westermann	grid.13648.38
975	d_wilsman‐theis	grid.10388.32
976	d_woike	grid.13648.38
979	d_xi	grid.418424.f
980	d_zhang	grid.11598.34
985	e_achkasov	grid.448878.f
1002	e_ceriani	grid.4708.b
988	e_bezuglov	grid.446166.7
991	e_bocchi	grid.11899.38
995	e_boorsma	grid.4494.d
996	e_braunwald	grid.38142.3c
998	e_cantone	grid.4691.a
999	e_carne	grid.241103.5
607	c_erikstrup	grid.154185.c
606	c_erbel	grid.5253.1
605	c_elsner	grid.410607.4
217	a_krannich	grid.484013.a
185	a_katuwawala	grid.224260.0
186	a_kauffels-sprenger	grid.411984.1
188	a_kehr	grid.469999.2
189	a_kelleher	grid.1005.4
193	a_keren	grid.17788.31
194	a_kerkhoff	grid.16149.3b
195	a_kernchen	grid.7450.6
198	a_khanna	grid.241167.7
200	a_khatiwada	grid.10863.3c
203	a_kielem	grid.420318.c
204	a_kilian	grid.253615.6
205	a_kim	grid.4367.6
206	a_kirton	grid.22072.35
209	a_klein	grid.5963.9
210	a_klingler	grid.24827.3b
211	a_kloczkowski	grid.261331.4
212	a_knopf	grid.7708.8
214	a_kolios	grid.15485.3d
184	a_kater	grid.7177.6
183	a_kasperska‐zając	grid.411728.9
182	a_karsenty	grid.8183.2
169	a_jacobs	grid.488779.d
155	a_hill	grid.4991.5
157	a_hirata	grid.47716.33
159	a_hocke	grid.6363.0
160	a_holczer	grid.9008.1
161	a_hosseini	grid.411984.1
162	a_hughes	grid.458477.d
164	a_hursthouse	grid.15756.30
165	a_ibáñez de opakua	grid.424247.3
172	a_jain	grid.5801.c
173	a_janssen	grid.10423.34
174	a_jayatilleke	grid.264727.2
175	a_joerres	grid.412581.b
176	a_kaestner	grid.411984.1
177	a_kalenka	grid.470122.2
179	a_kaplan	grid.413480.a
180	a_karakostas	grid.1003.2
216	a_kothari	grid.42327.30
222	a_krenz	grid.12082.39
153	a_hernandez	grid.189509.c
223	a_kribben	grid.410718.b
258	a_meier-hellmann	grid.491867.5
262	a_mentzer	grid.270683.8
264	a_michalsen	grid.483420.9
266	a_mischenko	grid.437665.5
267	a_mobarak	grid.1021.2
270	a_moore	grid.241963.b
271	a_moschen	grid.473675.4
272	a_murru	grid.410458.c
273	a_nassehi	grid.5252.0
277	a_neesse	grid.411984.1
284	a_németh	grid.8664.c
285	a_oener	grid.461820.9
286	a_o’donoghue	grid.266100.3
287	a_pagenstecher	grid.10253.35
289	a_pandit	grid.214458.e
290	a_papantonis	grid.411984.1
293	a_parkhomenko	grid.489094.8
294	a_pascual-leone	grid.38142.3c
256	a_mcnally	grid.6572.6
255	a_maya-mendoza	grid.417390.8
254	a_matucci	grid.24704.35
237	a_lena	grid.452396.f
226	a_kroeger	grid.5807.a
228	a_krueger	grid.13648.38
229	a_kuehl	grid.6363.0
230	a_kumar	grid.497592.4
231	a_kutschat	grid.411984.1
232	a_ladogana	grid.416651.1
235	a_lazarev	grid.446166.7
240	a_linke	grid.412282.f
243	a_loehndorf	grid.13648.38
244	a_lorber	grid.415739.d
245	a_lourenco	grid.266102.1
246	a_lux	grid.6738.a
247	a_mahabadi	grid.410718.b
248	a_mariappan	grid.14778.3d
250	a_marsland	grid.5379.8
151	a_heller	grid.7307.3
604	c_einspieler	grid.11598.34
79	a_dalpke	grid.4488.0
43	a_bozzato	grid.411937.9
44	a_braeuer	grid.7450.6
45	a_braun	grid.418009.4
46	a_breithaupt	grid.417834.d
48	a_bridwell	grid.4367.6
49	a_bubke	grid.10423.34
53	a_bufe	grid.412581.b
54	a_burbridge	grid.412570.5
55	a_buyx	grid.6936.a
56	a_báldi	grid.424945.a
57	a_capcı	grid.5330.5
60	a_carsten	grid.13648.38
65	a_chong	grid.270683.8
66	a_chopra	grid.413558.e
68	a_chronopoulos	grid.413225.3
69	a_coakley	grid.7872.a
70	a_coats	grid.7372.1
71	a_coler-reilly	grid.4367.6
72	a_coles	grid.5335.0
74	a_cossarizza	grid.7548.e
77	a_curnis	grid.7637.5
42	a_bossios	grid.4714.6
38	a_borzée	grid.486565.c
18	a_azuma	grid.410821.e
2	a_abd mutalib	grid.11875.3a
4	a_aggarwal	grid.1005.4
8	a_alvarado	grid.250820.d
10	a_ambriović-ristov	grid.4905.8
11	a_amin	grid.411746.1
12	a_angelopoulou	grid.5216.0
19	a_badke	grid.482867.7
20	a_bartorelli	grid.418230.c
22	a_bauche	grid.13648.38
25	a_beccari	grid.433620.0
27	a_beil	grid.410712.1
28	a_bellia	grid.6530.0
29	a_bender	grid.5252.0
32	a_bladon	grid.5335.0
33	a_bleckmann	grid.16149.3b
34	a_bochem	grid.7450.6
78	a_cusini	grid.452286.f
80	a_de la fuente	grid.452531.4
81	a_de opakua	grid.424247.3
118	a_fukunaga	grid.31432.37
119	a_gallemí-pérez	grid.419514.c
120	a_garcia-salido	grid.411107.2
121	a_garcía-salido	grid.411107.2
122	a_garjani	grid.240404.6
128	a_gaspert	grid.412004.3
129	a_giacomelli	grid.144767.7
130	a_gilg	grid.410712.1
131	a_glaser	grid.4714.6
132	a_grande	grid.17635.36
133	a_green	grid.4305.2
135	a_gsur	grid.22937.3d
136	a_guettsches	grid.412471.5
139	a_guse	grid.13648.38
145	a_hanelt	grid.5155.4
147	a_heidemann	grid.10423.34
148	a_heinemann	grid.13648.38
149	a_heinzmann	grid.440206.4
117	a_freund	grid.9647.c
116	a_freidzon	grid.465313.6
98	a_elfanish	grid.412581.b
82	a_dello russo	grid.7010.6
83	a_di pizio	grid.506467.6
85	a_dietz	grid.411339.d
86	a_disch	grid.412282.f
92	a_ducruet	grid.427785.b
93	a_dunkel	grid.506467.6
94	a_dunker	grid.257413.6
95	a_d’errico	grid.418140.8
100	a_engels	grid.13648.38
114	a_franke	grid.9764.c
103	a_essenwanger	grid.484013.a
104	a_failla	grid.13648.38
105	a_feki	grid.419514.c
107	a_fidao	grid.1008.9
108	a_fink	grid.411097.a
111	a_fitzek	grid.13648.38
112	a_fluegel	grid.411984.1
296	a_pawsey	grid.4372.2
495	b_pfaller	grid.459693.4
499	b_pollok-kopp	grid.411984.1
500	b_prainsack	grid.10420.37
501	b_ramsauer	grid.433867.d
502	b_rosental	grid.7489.2
504	b_safieh‐garabedian	grid.412603.2
505	b_salzberger	grid.411941.8
506	b_sanderson	grid.13097.3c
511	b_schnierle	grid.425396.f
516	b_seifert	grid.418465.a
517	b_sekerel	grid.14442.37
519	b_shrestha	grid.486565.c
521	b_siegmund	grid.6363.0
522	b_stuck	grid.10253.35
524	b_thiede	grid.419514.c
525	b_treutlein	grid.5801.c
526	b_tyczynski	grid.410718.b
528	b_uitdehaag	grid.484519.5
529	b_van wijmeersch	grid.12155.32
494	b_ondruschka	grid.13648.38
491	b_mozafari	grid.11749.3a
470	b_kansy	grid.410718.b
455	b_friedl	grid.8379.5
456	b_gillick	grid.17635.36
457	b_grabein	grid.411095.8
459	b_hejazi	grid.419514.c
460	b_heppner	grid.7468.d
464	b_hube	grid.418398.f
465	b_ingold-heppner	grid.6363.0
466	b_jacquelin	grid.428999.7
469	b_jaspers	grid.7450.6
488	b_merkel	grid.6862.a
472	b_khanal	grid.414128.a
474	b_kis	grid.411984.1
475	b_kohnke	grid.418140.8
476	b_kolbrink	grid.412468.d
479	b_leiding	grid.5164.6
480	b_lengenfelder	grid.8379.5
482	b_liu	grid.411604.6
487	b_mayer	grid.6582.9
530	b_vanderwerff	grid.214458.e
535	b_weiss	grid.6363.0
536	b_wild	grid.418215.b
571	c_cecchetto	grid.5608.b
572	c_chai	grid.168010.e
573	c_cheung	grid.221309.b
574	c_choi	grid.31501.36
577	c_conrad	grid.7468.d
579	c_craik	grid.266102.1
580	c_czerny	grid.7450.6
582	c_datz	grid.461852.c
583	c_davis	grid.47100.32
585	c_denecke	grid.6363.0
587	c_dinnella	grid.8404.8
588	c_dittmann	grid.7450.6
589	c_dittmayer	grid.6363.0
591	c_dittrich	grid.7450.6
592	c_dopfer	grid.10423.34
593	c_drebenstedt	grid.488779.d
594	c_drenkhahn	grid.4562.5
600	c_dullin	grid.411984.1
601	c_eckert	grid.5253.1
569	c_calfee	grid.266102.1
568	c_brewer	grid.214431.1
567	c_brettschneider	grid.13648.38
548	c_baeken	grid.411326.3
539	b_wollenberg	grid.15474.33
540	b_wong	grid.1002.3
541	b_zhao	grid.224260.0
542	c_adams	grid.411544.1
543	c_akdis	grid.22937.3d
545	c_almekinders	grid.4818.5
546	c_arens	grid.411559.d
547	c_arolt	grid.6190.e
566	c_bonino	grid.144767.7
551	c_baier	grid.10423.34
554	c_becker	grid.416008.b
559	c_bettag	grid.7450.6
560	c_betz	grid.13648.38
562	c_bieling	grid.9464.f
564	c_binder	grid.411984.1
565	c_bohr	grid.411941.8
451	b_ettl	grid.487248.5
449	b_ellinger	grid.418010.c
447	b_eichhorst	grid.6190.e
333	a_rothman	grid.31410.37
336	a_sall	grid.418508.0
337	a_salman	grid.16477.33
339	a_samy	grid.7269.a
340	a_saraste	grid.410552.7
342	a_sargeant	grid.7450.6
345	a_schaenzer	grid.8664.c
349	a_scherag	grid.275559.9
350	a_schettino	grid.6906.9
351	a_schlaak	grid.7708.8
353	a_schlotmann	grid.489338.d
356	a_schuster	grid.411984.1
359	a_segovia	grid.189504.1
361	a_seidlein	grid.5603.0
363	a_sharma	grid.497592.4
364	a_shenoy	grid.27860.3b
368	a_simmenroth	grid.411760.5
369	a_skogholt	grid.5947.f
374	a_stella	grid.1005.4
332	a_rothenberger	grid.7450.6
331	a_rotenberg	grid.38142.3c
330	a_rosenkranz	grid.473675.4
317	a_quaas	grid.6190.e
303	a_pesenti	grid.414818.0
306	a_peterchev	grid.26009.3d
307	a_petrov	grid.7450.6
308	a_piovezan-borges	grid.412352.3
311	a_polle	grid.7450.6
312	a_polyzos	grid.5386.8
313	a_polyzou	grid.5216.0
314	a_prokscha	grid.412970.9
315	a_python	grid.13402.34
318	a_quartarone	grid.10438.3e
329	a_rosche	grid.13648.38
319	a_rai	grid.268154.c
321	a_ramani	grid.14778.3d
323	a_rasmussen	grid.21729.3f
324	a_reuter	grid.7450.6
325	a_ringer	grid.24827.3b
326	a_rivera-villanueva	grid.418275.d
327	a_rogge	grid.9764.c
328	a_rolf	grid.419757.9
377	a_strzelczyk	grid.7839.5
431	a_zalewska‐janowska	grid.8267.b
421	a_wells	grid.439338.6
422	a_weyland	grid.419838.f
423	a_windak	grid.5522.0
424	a_woods	grid.15276.37
425	a_wulff	grid.10423.34
426	a_yee	grid.5386.8
427	a_yousif	grid.7776.1
428	a_zabalza	grid.7080.f
429	a_zacharasiewicz	grid.417109.a
430	a_zaki	grid.7269.a
432	a_zaliani	grid.418010.c
419	a_weber	grid.419514.c
433	a_zangen	grid.7489.2
434	a_zangrillo	grid.18887.3e
436	a_zuddas	grid.7763.5
437	b_ahmed	grid.7776.1
438	b_bengsch	grid.5963.9
440	b_bozkurt	grid.39382.33
443	b_buettner	grid.7450.6
444	b_diercks	grid.13648.38
420	a_weigert	grid.419518.0
418	a_waltersbacher	grid.489338.d
381	a_susac	grid.4808.4
398	a_tzankov	grid.410567.1
383	a_syed	grid.224260.0
384	a_tagka	grid.5216.0
387	a_thielscher	grid.411905.8
391	a_toomey	grid.241963.b
393	a_torno	grid.7450.6
394	a_torres	grid.425902.8
397	a_trebilcock	grid.7450.6
399	a_uhlig	grid.411984.1
415	a_wahab	grid.486565.c
405	a_van der walt	grid.1002.3
407	a_vieillard-baron	grid.50550.35
408	a_vilfan	grid.11375.31
410	a_vogelgesang	grid.411984.1
411	a_voors	grid.4494.d
413	a_voss	grid.413327.0
414	a_vultaggio	grid.24704.35
1189	f_martinez	grid.10692.3c
1191	f_micale	grid.489350.3
1192	f_michels	grid.412468.d
1995	k_kadinjappalli	grid.486565.c
1996	k_kainz	grid.417109.a
2000	k_kis-katos	grid.7450.6
2001	k_kito	grid.26999.3d
2002	k_knobeloch	grid.5963.9
2003	k_knochel	grid.411095.8
2005	k_kolotourou	grid.411984.1
2006	k_konno	grid.7362.0
2009	k_kreipe	grid.411984.1
2010	k_kuchta	grid.411984.1
2011	k_kulthanan	grid.10223.32
2012	k_kuppalli	grid.259828.c
2013	k_kurze	grid.445630.0
2015	k_lang	grid.5718.b
2016	k_lenk	grid.411339.d
2017	k_lorenzen	grid.434729.f
2018	k_maetz-rensing	grid.418215.b
2019	k_magellan	grid.470666.5
2023	k_masuch	grid.7450.6
2024	k_mayer	grid.411067.5
1993	k_joshi	grid.240684.c
1992	k_jensen	grid.467607.4
1972	k_haeusler	grid.6363.0
1961	k_friston	grid.83440.3b
1963	k_godse	grid.444604.6
1964	k_grabmeier-pfistershammer	grid.22937.3d
1965	k_groeschel	grid.410607.4
1966	k_grogan	grid.29857.31
1967	k_guenther	grid.11749.3a
1968	k_habenicht	grid.5330.5
1973	k_hantke	grid.10392.39
1991	k_jeličić	grid.4808.4
1974	k_hartmann	grid.410567.1
1976	k_heidemann	grid.419514.c
1977	k_heim	grid.6363.0
1978	k_heinemann	grid.411984.1
1987	k_hveem	grid.5947.f
1988	k_jamal	grid.18886.3f
1990	k_jantke	grid.9026.d
2025	k_mcguire	grid.170202.6
2031	k_miskowiak	grid.475435.4
1959	k_fraedrich	grid.411668.c
2064	k_sofiadis	grid.411984.1
2065	k_sohrabi	grid.440967.8
2066	k_sommer	grid.10423.34
2067	k_sparrer	grid.410712.1
2069	k_stein	grid.418905.1
2072	k_stock	grid.6936.a
2073	k_szajek	grid.452286.f
2074	k_trijatmiko	grid.419387.0
2075	k_tuite-dalton	grid.4827.9
2078	k_van lancker	grid.5342.0
2080	k_vishwanathan	grid.17091.3e
2084	k_weissenborn	grid.10423.34
2085	k_willott	grid.5335.0
2088	k_zacharowski	grid.411088.4
2089	k_zienkiewicz	grid.7450.6
2090	l_abassi	grid.7490.a
2091	l_ackermann	grid.452396.f
2094	l_allweiss	grid.13648.38
2095	l_arruda	grid.11899.38
2096	l_atabekyan	grid.465313.6
2098	l_bear	grid.13063.37
2063	k_shu	grid.418972.1
2062	k_sherwood	grid.17091.3e
2061	k_seidl	grid.492033.f
2033	k_moesbauer	grid.452463.2
2035	k_nemat	grid.412282.f
2036	k_ohla	grid.5949.1
2037	k_papenfort	grid.5252.0
2041	k_rabe	grid.4562.5
2042	k_radenbach	grid.411984.1
2043	k_rai	grid.414128.a
2046	k_rice	grid.4305.2
2049	k_rowell	grid.266190.a
2060	k_schughart	grid.7490.a
2050	k_rutkowski	grid.420545.2
2051	k_sainsbury	grid.17089.37
2053	k_saternus	grid.7450.6
2054	k_schaekel	grid.5253.1
2055	k_scholz	grid.460019.a
2056	k_schrenk	grid.10392.39
2057	k_schuetze	grid.6936.a
1958	k_fischer	grid.6190.e
1807	j_pantel	grid.488779.d
1889	j_vansynghel	grid.8379.5
1852	j_schneider	grid.7468.d
1854	j_schroeder	grid.1957.a
1855	j_schulze	grid.411984.1
1857	j_schwarzbauer	grid.1957.a
1858	j_schwarze	grid.418041.8
1859	j_seifried	grid.6363.0
1866	j_simard	grid.168010.e
1867	j_skieceviciene	grid.45083.3a
1870	j_soeding	grid.418140.8
1873	j_sperhake	grid.13648.38
1874	j_stegbauer	grid.14778.3d
1876	j_sánchez	grid.412881.6
1877	j_tanevski	grid.7700.0
1878	j_teerlink	grid.266102.1
1880	j_thomae	grid.411984.1
1882	j_tohme	grid.418348.2
1883	j_turner	grid.13648.38
1884	j_urrea-quintero	grid.419514.c
1885	j_valdebenito	grid.7122.6
1887	j_vandeput	grid.415751.3
1849	j_schmitzová	grid.418140.8
1809	j_park	grid.412581.b
1810	j_peiris	grid.194645.b
1812	j_peter	grid.7836.a
1813	j_pickert	grid.10253.35
1815	j_poess	grid.9647.c
1816	j_puglisi	grid.168010.e
1819	j_quintero	grid.466790.a
1827	j_rink	grid.418140.8
1828	j_ristenpart	grid.10423.34
1829	j_roether	grid.452271.7
1831	j_rohrbach	grid.10392.39
1832	j_roider	grid.476041.0
1833	j_rojas	grid.418248.3
1834	j_rothwell	grid.450002.3
1837	j_saez-rodriguez	grid.7700.0
1838	j_saloga	grid.5802.f
1843	j_schipper	grid.14778.3d
1890	j_vilaseca	grid.5841.8
1891	j_vogelgsang	grid.38142.3c
1928	k_boztug	grid.22937.3d
1932	k_bruchhage	grid.412468.d
1933	k_chaudhuri	grid.13097.3c
1935	k_chong	grid.6214.1
1937	k_czabanowska	grid.458414.8
1939	k_damman	grid.4494.d
1940	k_detterbeck	grid.7450.6
1941	k_dickstein	grid.412835.9
1943	k_diedrich	grid.412468.d
1944	k_dodds	grid.4970.a
1945	k_egervari	grid.150338.c
1946	k_eller	grid.11598.34
1947	k_eltom	grid.9763.b
1948	k_eschke	grid.7490.a
1949	k_evangelou	grid.5216.0
1952	k_faisal	grid.414142.6
1954	k_farh	grid.185669.5
1956	k_fechner	grid.7450.6
1926	k_beyer	grid.6734.6
1922	k_bartz-schmidt	grid.411544.1
1902	j_wen	grid.66741.32
1893	j_vom dahl	grid.500048.9
1894	j_von tresckow	grid.411097.a
1896	j_voss	grid.4367.6
1897	j_wason	grid.1006.7
1899	j_weber	grid.418892.e
1900	j_weis	grid.412301.5
1901	j_weissman	grid.266102.1
1903	j_whitehead	grid.9835.7
1921	k_banasik	grid.5254.6
1904	j_wienands	grid.411984.1
1908	j_wittes	grid.437929.2
1909	j_yin	grid.13402.34
1910	j_zaehringer	grid.5734.5
1913	j_zenk	grid.419801.5
1914	j_zhang	grid.415105.4
1917	k_abhishek	grid.203448.9
1918	k_alim	grid.419514.c
2099	l_bellut	grid.411668.c
2101	l_bouillet	grid.410529.b
2291	m_chitsazan	grid.239395.7
2296	m_cressoni	grid.7563.7
2297	m_cuadra	grid.433220.4
2299	m_dahlkemper	grid.7450.6
2300	m_dakna	grid.411984.1
2302	m_danila	grid.265892.2
2305	m_dibattista	grid.7644.1
2308	m_djukic	grid.411984.1
2313	m_doepfner	grid.411097.a
2316	m_dreher	grid.1957.a
2317	m_drent	grid.415960.f
2318	m_duddy	grid.420004.2
2319	m_duering	grid.411984.1
2320	m_d’amato	grid.1002.3
2290	m_chen	grid.452927.f
2288	m_chaudhry	grid.7490.a
2271	m_bizjak	grid.412388.4
2255	m_ay	grid.411705.6
2256	m_aytekin	grid.15876.3d
2258	m_bauer	grid.9613.d
2259	m_bayoumi	grid.7776.1
2260	m_begemann	grid.411984.1
2264	m_ben‐shoshan	grid.63984.30
2265	m_bernhard	grid.14778.3d
2267	m_bernstein	grid.215654.1
2269	m_biffi	grid.6292.f
2272	m_blangiardo	grid.7445.2
2287	m_chapman	grid.7400.3
2274	m_boesherz	grid.411984.1
2275	m_bonelli	grid.22937.3d
2276	m_bramkamp	grid.9764.c
2277	m_bucher	grid.461820.9
2278	m_burger	grid.491618.3
2281	m_busch	grid.10423.34
2282	m_canis	grid.411095.8
2284	m_capece	grid.168010.e
2286	m_cecchini	grid.5611.3
2325	m_elgamal	grid.7776.1
2102	l_broman	grid.24381.3c
2364	m_giger	grid.5734.5
2365	m_gimenez	grid.9647.c
2366	m_girardis	grid.413363.0
2369	m_golebiewski	grid.424699.4
2370	m_goncalo	grid.8051.c
2371	m_gottardo	grid.14778.3d
2373	m_grade	grid.411984.1
2374	m_grashoff	grid.7490.a
2375	m_gregor	grid.413354.4
2378	m_grossmann	grid.411984.1
2379	m_gruendling	grid.412469.c
2381	m_haag	grid.461673.1
2382	m_haedicke	grid.411984.1
2383	m_haerter	grid.13648.38
2384	m_hafeez	grid.39382.33
2387	m_hallett	grid.416870.c
2388	m_hauke	grid.5330.5
2389	m_heimesaat	grid.6363.0
2390	m_heinrich	grid.83440.3b
2392	m_helm	grid.415600.6
2393	m_henkes	grid.469999.2
2362	m_geyer	grid.4488.0
2361	m_gerstlauer	grid.7307.3
2343	m_forslund	grid.55325.34
2331	m_fandler	grid.419802.6
2332	m_farruggia	grid.47100.32
2333	m_faye	grid.418508.0
2334	m_feja	grid.412970.9
2335	m_felipe-lucia	grid.421064.5
2337	m_fellhauer	grid.469999.2
2338	m_ferrari	grid.491861.3
2339	m_ferrin	grid.451052.7
2341	m_fischer	grid.459378.4
2344	m_forster	grid.9764.c
2359	m_gernert	grid.412970.9
2348	m_frick	grid.6582.9
2349	m_friedrichsen	grid.10423.34
2350	m_fudim	grid.189509.c
2351	m_fuerstenau	grid.411097.a
2353	m_gabrielsen	grid.5947.f
2357	m_garcia-alai	grid.475756.2
2358	m_george	grid.259828.c
2249	m_al‐ahmad	grid.411196.a
2248	m_alai	grid.475756.2
2247	m_akdis	grid.7400.3
2137	l_garibaldi	grid.440499.4
2143	l_giessen	grid.4488.0
2144	l_giosa	grid.7605.4
2145	l_goeschl	grid.22937.3d
2149	l_haider	grid.10548.38
2150	l_hampson	grid.419481.1
2151	l_harnisch	grid.7450.6
2154	l_henss	grid.425396.f
2155	l_hesse	grid.470768.a
2157	l_issmail	grid.418008.5
2158	l_ivanjek	grid.4488.0
2159	l_jones-engel	grid.34477.33
2160	l_kaplan	grid.7450.6
2161	l_kappos	grid.6612.3
2165	l_klingelhoefer	grid.4488.0
2166	l_korsten	grid.49697.35
2167	l_kriston	grid.13648.38
2169	l_kurgan	grid.224260.0
2171	l_leocani	grid.15496.3f
2135	l_gabrielli	grid.5326.2
2134	l_fritsche	grid.214458.e
2118	l_cicin-sain	grid.7490.a
2103	l_bruch	grid.460088.2
2105	l_brunotte	grid.5949.1
2106	l_c	grid.13648.38
2113	l_carpenter	grid.273271.2
2114	l_chaieb	grid.411984.1
2116	l_charvet	grid.137628.9
2117	l_christiansen	grid.411905.8
2119	l_coates	grid.4991.5
2133	l_freudelsperger	grid.5802.f
2120	l_colen	grid.489350.3
2122	l_conradi	grid.411984.1
2124	l_de oliveira	grid.435540.3
2125	l_de raedt	grid.5596.f
2126	l_di girolamo	grid.419557.b
2127	l_drees	grid.418140.8
2128	l_ensina	grid.411249.b
2174	l_liu	grid.6363.0
2176	l_lowe	grid.47840.3f
2226	l_tondo	grid.38142.3c
2213	l_rump	grid.411327.2
2214	l_saager	grid.214458.e
2216	l_sales	grid.411087.b
2218	l_sander	grid.6363.0
2219	l_soerensen	grid.419514.c
2220	l_staendker	grid.410712.1
2230	l_wang	grid.412536.7
2211	l_roth	grid.417109.a
2231	l_wettstein	grid.410712.1
2232	l_xue	grid.4709.a
2240	m_abloescher	grid.487248.5
2241	m_absinta	grid.21107.35
2243	m_addo	grid.13648.38
2209	l_rogge	grid.9122.8
2177	l_mackerodt	grid.7450.6
2190	l_papazian	grid.414244.3
2179	l_mayer	grid.7708.8
2180	l_middleton	grid.419728.1
2181	l_munshi	grid.17063.33
2185	l_nicod	grid.8515.9
2187	l_oesterhelweg	grid.6363.0
2189	l_olabarrieta-landa	grid.410476.0
2208	l_roessler	grid.7468.d
2196	l_porter	grid.486565.c
2197	l_powell	grid.8250.f
2199	l_prokop	grid.66875.3a
2200	l_proulx	grid.498672.6
2202	l_ramos garcia	grid.18886.3f
2204	l_roesnick	grid.452396.f
1801	j_narváez-gómez	grid.5335.0
1193	f_moeckl	grid.13648.38
1389	h_bone	grid.465291.d
1391	h_bouis	grid.419346.d
1395	h_butzkueven	grid.1002.3
1398	h_chen	grid.443245.0
1399	h_clausnizer	grid.412468.d
1401	h_de steur	grid.5342.0
1402	h_dickel	grid.416438.c
1405	h_ekhtiari	grid.417423.7
1406	h_elias	grid.51462.34
1407	h_feistritzer	grid.9647.c
1411	h_gelderblom	grid.13652.33
1412	h_gerlach	grid.433867.d
1413	h_ghaffari	grid.411189.4
1417	h_goebel	grid.6363.0
1419	h_grubmuller	grid.418140.8
1420	h_haenke	grid.7450.6
1421	h_han	grid.434729.f
1422	h_hengel	grid.5963.9
1423	h_heppner	grid.412581.b
1388	h_axer	grid.275559.9
1384	h_amer	grid.7776.1
1378	g_yip	grid.482283.7
1359	g_schlaug	grid.239395.7
1347	g_rohde	grid.411088.4
1348	g_rosano	grid.18887.3e
1350	g_ryan	grid.1008.9
1352	g_salg	grid.5253.1
1353	g_salinas	grid.411984.1
1354	g_sani	grid.411075.6
1358	g_sardella	grid.7841.a
1361	g_shahabuddin	grid.486565.c
1362	g_silva boos	grid.8664.c
1363	g_solano-hermosilla	grid.489350.3
1364	g_ssebyatika	grid.10423.34
1367	g_torres	grid.254880.3
1369	g_von lewinski	grid.411984.1
1370	g_wiegers	grid.5361.1
1371	g_wilson	grid.24827.3b
1372	g_wolf	grid.411067.5
1343	g_peña-murillo	grid.466493.a
1434	h_hoffmann	grid.134907.8
1474	h_noei	grid.7683.a
1475	h_nunes	grid.413780.9
1476	h_olze	grid.6363.0
1477	h_pitt	grid.5600.3
1478	h_pouraliakbar	grid.411746.1
1479	h_radbruch	grid.6363.0
1483	h_reichardt	grid.411984.1
1484	h_reichmann	grid.4488.0
1485	h_roesner	grid.449475.f
1486	h_roggenkamp	grid.13648.38
1488	h_ruether	grid.411984.1
1489	h_rutter	grid.7340.0
1490	h_salié	grid.7708.8
1491	h_scheiblauer	grid.425396.f
1492	h_schlemmer	grid.5253.1
1494	h_schlueter	grid.13648.38
1495	h_schmidt	grid.411984.1
1498	h_schroeder	grid.489338.d
1499	h_seo	grid.31501.36
1500	h_siebner	grid.411702.1
1473	h_nef	grid.411067.5
1472	h_naim	grid.412970.9
1471	h_mutlak	grid.419837.0
1452	h_krenzlin	grid.5802.f
1437	h_iro	grid.411668.c
1439	h_kaba	grid.411984.1
1441	h_kallio-kokko	grid.15485.3d
1444	h_kenngott	grid.5253.1
1448	h_knotkova	grid.251993.5
1450	h_kollmus	grid.7490.a
1453	h_lapp	grid.470036.6
1470	h_moussa	grid.452146.0
1454	h_lechte	grid.7450.6
1456	h_li	grid.216938.7
1458	h_loewenheim	grid.411544.1
1461	h_martin	grid.6363.0
1463	h_mei	grid.418217.9
1464	h_meinig	grid.490718.3
1468	h_moellmann	grid.459950.4
1469	h_mooney	grid.168010.e
1346	g_riewe	grid.5252.0
1342	g_petzold	grid.411984.1
1275	g_dobler	grid.414796.9
1240	f_uellendahl-werth	grid.9764.c
1242	f_vajna	grid.424945.a
1245	f_vasques	grid.13097.3c
1248	f_von samson-himmelstjerna	grid.412468.d
1249	f_wang	grid.7450.6
1250	f_westermeier	grid.7683.a
1251	f_zannad	grid.29172.3f
1252	f_zech	grid.410712.1
1253	f_ziemssen	grid.10392.39
1254	g_andriani	grid.7644.1
1255	g_arrambide	grid.7080.f
1259	g_bao	grid.411984.1
1265	g_braun	grid.1957.a
1266	g_buttafuoco	grid.5326.2
1267	g_cabanac	grid.508721.9
1268	g_callaini	grid.6190.e
1270	g_casalini	grid.4708.b
1271	g_chehab	grid.411327.2
1239	f_turbanisch	grid.7450.6
1236	f_theilig	grid.9764.c
1235	f_tea	grid.413973.b
1214	f_salghetti	grid.412725.7
1202	f_padberg	grid.411095.8
1204	f_petzke	grid.411984.1
1205	f_pugliese	grid.7841.a
1206	f_richter	grid.412970.9
1207	f_ringel	grid.5802.f
1209	f_romitti	grid.411984.1
1210	f_rueff	grid.5252.0
1212	f_ruëff	grid.411095.8
1213	f_sabato	grid.144767.7
1218	f_scheibe	grid.6363.0
1219	f_schinzel	grid.14778.3d
1224	f_sellebjerg	grid.475435.4
1226	f_simon	grid.411097.a
1228	f_soergel	grid.5718.b
1229	f_spertin	grid.8515.9
1230	f_spertini	grid.6363.0
1273	g_dame	grid.11348.3f
1276	g_dore	grid.1005.4
1341	g_pasquini	grid.4488.0
1312	g_karakaya	grid.14442.37
1313	g_kernbach-wighton	grid.411067.5
1315	g_koch	grid.417778.a
1316	g_kochs	grid.5963.9
1320	g_laier-groeneveld	grid.411984.1
1321	g_lenz	grid.16149.3b
1322	g_lewis	grid.32224.35
1323	g_lochnit	grid.8664.c
1324	g_lotta	grid.452413.5
1325	g_loughran	grid.7872.a
1326	g_lukinavičius	grid.418140.8
1327	g_martin	grid.189967.8
1328	g_marx	grid.412301.5
1330	g_matthews	grid.1005.4
1332	g_mayr	grid.9764.c
1336	g_mitronova	grid.418140.8
1337	g_monneret	grid.412180.e
1338	g_murillo	grid.466493.a
1339	g_neitzke	grid.10423.34
1310	g_juckel	grid.5570.7
1309	g_jordakieva	grid.22937.3d
1308	g_ismail	grid.7269.a
1292	g_froeschl	grid.5252.0
1278	g_dressler	grid.10854.38
1280	g_dussault	grid.10772.33
1281	g_duttge	grid.7450.6
1283	g_elke	grid.412468.d
1284	g_emons	grid.7450.6
1285	g_esperanza	grid.466493.a
1287	g_fink	grid.6612.3
1288	g_fois	grid.6582.9
1293	g_gakis	grid.411760.5
1306	g_herrler	grid.412970.9
1294	g_gale	grid.412151.2
1296	g_geri	grid.413756.2
1299	g_govaart	grid.419524.f
1303	g_hartwigsen	grid.419524.f
1304	g_hasenfuss	grid.411984.1
1305	g_hemmrich-stanisak	grid.9764.c
1503	h_siekmann	grid.461820.9
1504	h_sievert	grid.476904.8
1730	j_illian	grid.8756.c
1679	j_floege	grid.1957.a
1685	j_frohn	grid.7450.6
1686	j_garcia varo	grid.7892.4
1688	j_ghazoul	grid.4305.2
1691	j_gopalakrishnan	grid.14778.3d
1693	j_grabow	grid.7450.6
1696	j_grundmann	grid.7450.6
1697	j_gsponer	grid.17091.3e
1698	j_hagemann	grid.410607.4
1704	j_haushofer	grid.10548.38
1706	j_haybaeck	grid.11598.34
1708	j_heinsohn	grid.7450.6
1712	j_hescheler	grid.6190.e
1713	j_heuberger	grid.6363.0
1678	j_fischer	grid.7450.6
1677	j_fellay	grid.9851.5
1662	j_dissemond	grid.5718.b
1651	j_cleland	grid.8756.c
1652	j_cohen	grid.239578.2
1653	j_comin-colet	grid.411129.e
1655	j_crary	grid.59734.3c
1656	j_crinion	grid.83440.3b
1657	j_daskalakis	grid.155956.b
1659	j_de sèze	grid.412220.7
1661	j_demiselle	grid.411147.6
1663	j_doescher	grid.410712.1
1664	j_dowd	grid.4991.5
1665	j_droogendijk	grid.416373.4
1667	j_drury	grid.12082.39
1668	j_dutzmann	grid.461820.9
1669	j_eichler	grid.5330.5
1670	j_erlenwein	grid.411984.1
1671	j_espinoza-delgado	grid.420318.c
1673	j_ezekowitz	grid.17089.37
1674	j_feil	grid.7450.6
1719	j_hodek	grid.418892.e
1732	j_janek	grid.8664.c
1733	j_janetka	grid.4367.6
1765	j_lefaucheur	grid.412116.1
1768	j_lindenfeld	grid.412807.8
1770	j_lobrinus	grid.150338.c
1771	j_lotz	grid.411984.1
1772	j_maaten	grid.4494.d
1773	j_mackenzie	grid.4305.2
1774	j_mahamid	grid.4709.a
1775	j_mancebo	grid.413396.a
1780	j_martin-moreno	grid.5338.d
1782	j_matschke	grid.13648.38
1784	j_mcmurray	grid.8756.c
1785	j_mcneely	grid.486565.c
1787	j_meinhardt	grid.6363.0
1789	j_menzel	grid.492033.f
1790	j_metzger	grid.5560.6
1792	j_michel	grid.8591.5
1793	j_miller	grid.486565.c
1794	j_moessner	grid.411339.d
1795	j_morley	grid.1013.3
1799	j_muntermann	grid.7450.6
1763	j_lay	grid.7450.6
1735	j_jarvers	grid.411339.d
1736	j_judek	grid.461772.1
1737	j_kajzer-bonk	grid.450925.f
1739	j_kamp	grid.5949.1
1741	j_kelly	grid.438536.f
1744	j_kleine-tebbe	grid.8379.5
1745	j_klussmann	grid.6190.e
1750	j_kranz	grid.459927.4
1761	j_larsen	grid.411984.1
1753	j_krebs	grid.411778.c
1754	j_krisam	grid.5253.1
1756	j_kroschel	grid.410712.1
1757	j_kuhle	grid.6612.3
1758	j_kuhn	grid.411097.a
1759	j_kupcinskas	grid.45083.3a
1760	j_lahner	grid.461644.5
1649	j_chong	grid.486565.c
1645	j_camprodon	grid.38142.3c
1542	i_casper	grid.412004.3
1545	i_cherrez‐ojeda	grid.442156.0
1547	i_diaz reviriego	grid.10211.33
1548	i_dorofeeva	grid.18919.38
1550	i_eckerle	grid.150338.c
1551	i_eitel	grid.412468.d
1553	i_figueras‐nart	grid.5841.8
1554	i_filiz	grid.461772.1
1555	i_fragata	grid.418334.9
1556	i_frommholz	grid.6374.6
1558	i_geljic	grid.22939.33
1559	i_gerhauser	grid.412970.9
1560	i_ghodratitoostani	grid.11899.38
1561	i_gosbell	grid.1029.a
1564	i_hege	grid.7307.3
1566	i_jørgensen	grid.5254.6
1568	i_khansahib	grid.13648.38
1569	i_khorozyan	grid.7450.6
1572	i_marchand-casas	grid.415751.3
1541	i_boys	grid.267313.2
1540	i_boura	grid.46699.34
1524	h_ullum	grid.4973.9
1506	h_simianer	grid.7450.6
1511	h_steinhausen	grid.10825.3e
1514	h_strulik	grid.7450.6
1515	h_syed	grid.224260.0
1516	h_tam	grid.42327.30
1519	h_thiele	grid.9647.c
1521	h_treiber	grid.411984.1
1523	h_tsutsui	grid.177174.3
1525	h_vanderschuren	grid.4861.b
1538	i_boccon‐gibod	grid.410529.b
1527	h_verberne	grid.7177.6
1528	h_voelzke	grid.5603.0
1529	h_wagner	grid.5252.0
1530	h_wang	grid.7450.6
1531	h_wrede	grid.469999.2
1533	i_abdi	grid.418818.c
1535	i_agache	grid.5120.6
1536	i_akin	grid.411778.c
1575	i_martinez	grid.264933.9
1577	i_methfessel	grid.411984.1
1627	j_brockmoeller	grid.7450.6
1613	j_bauersachs	grid.10423.34
1614	j_beitler	grid.21729.3f
1616	j_bermejo-martín	grid.413448.e
1618	j_bernstein	grid.24827.3b
1619	j_blay-cadanet	grid.7048.b
1620	j_boeckhaus	grid.411984.1
1626	j_brandel	grid.411439.a
1628	j_bucerius	grid.411984.1
1611	j_bauer	grid.488779.d
1633	j_buitelaar	grid.10417.33
1634	j_buters	grid.410607.4
1641	j_callizo	grid.7450.6
1642	j_camp	grid.508836.0
1610	j_bartek	grid.4714.6
1578	i_mourkioti	grid.5216.0
1595	i_voigt	grid.477277.6
1580	i_odak	grid.10423.34
1581	i_oerlecke	grid.491961.2
1585	i_pigeot	grid.418465.a
1587	i_pollet	grid.411959.1
1589	i_rubio	grid.275559.9
1591	i_slamet-loedin	grid.419387.0
1592	i_steffan-dewenter	grid.8379.5
1593	i_steinberg	grid.411984.1
1597	i_wong	grid.83440.3b
1598	i_zerr	grid.411984.1
1599	j_almeida	grid.8051.c
1600	j_altmueller	grid.6190.e
1601	j_anstatt	grid.411984.1
1603	j_arango-lasprilla	grid.11480.3c
1605	j_atkins	grid.223827.e
1607	j_b&#38;#283;lohlávek	grid.411798.2
1608	j_barros-martins	grid.10423.34
4095	z_zhao	grid.411472.5
